Code,Season,Date,ADPE,ANSH,ANTE,AnySkua,BBSP,BRSK,CAPE,CHPE,EMPE,GEPE,KEGU,MACP,SGPE,SkuaSpp,SNPE,SNSH,SOFU,SPSK,WISP
AITC,1995-96,2/2/1996,0,0,0,0,0,0,0,2,0,2,2,0,0,0,0,0,0,0,0
AITC,1995-96,2/9/1996,0,0,0,0,0,0,0,2,0,0,0,0,0,0,0,0,0,0,0
ALMI,1995-96,11/28/1995,NA,2,1,NA,NA,NA,NA,NA,NA,2,NA,NA,NA,NA,NA,NA,NA,NA,NA
ALMI,1995-96,12/16/1995,NA,2,NA,NA,NA,NA,2,NA,NA,2,NA,NA,NA,NA,NA,NA,NA,NA,NA
ASTR,1995-96,1/15/1996,NA,1,NA,NA,NA,NA,NA,2,NA,NA,NA,NA,NA,NA,NA,NA,2,NA,1
BAIL,1995-96,11/29/1995,NA,NA,NA,NA,NA,NA,NA,2,NA,NA,NA,NA,NA,NA,NA,NA,NA,NA,NA
BAIL,1995-96,11/30/1995,NA,NA,NA,NA,NA,NA,NA,2,NA,NA,NA,NA,NA,1,NA,NA,NA,NA,NA
BAIL,1995-96,1/27/1996,NA,NA,NA,NA,NA,NA,NA,2,NA,NA,NA,NA,NA,1,NA,NA,NA,NA,NA
BROW,1995-96,1/22/1996,2,NA,NA,NA,NA,NA,1,NA,NA,2,2,NA,NA,NA,1,NA,NA,NA,NA
BROW,1995-96,2/10/1996,1,0,0,0,0,0,0,0,0,1,0,0,0,0,0,0,0,0,0
CUVE,1995-96,11/27/1995,NA,2,NA,NA,NA,NA,NA,NA,NA,2,1,NA,NA,NA,NA,1,NA,NA,1
CUVE,1995-96,1/19/1996,NA,2,NA,NA,NA,NA,NA,NA,NA,2,NA,NA,NA,NA,NA,NA,NA,NA,NA
DAMO,1995-96,1/24/1996,NA,NA,NA,NA,NA,NA,NA,NA,NA,2,NA,NA,NA,2,NA,NA,NA,NA,NA
DEVI,1995-96,1/20/1996,2,NA,NA,NA,NA,NA,NA,NA,NA,NA,2,NA,NA,2,NA,NA,NA,NA,1
DURV,1995-96,2/10/1996,2,0,0,0,0,0,0,0,0,0,0,0,0,0,0,0,0,0,0
GEOR,1995-96,12/2/1995,NA,NA,NA,NA,NA,NA,NA,2,NA,2,NA,NA,NA,NA,NA,2,NA,NA,NA
GEOR,1995-96,1/25/1996,NA,NA,NA,NA,NA,NA,NA,NA,NA,2,NA,NA,NA,NA,NA,1,NA,NA,NA
GEOR,1995-96,2/11/1996,0,0,0,0,0,0,0,2,0,0,0,0,0,0,0,0,0,0,0
HALF,1995-96,11/29/1995,NA,NA,NA,NA,NA,NA,NA,2,NA,NA,2,NA,NA,NA,NA,NA,NA,NA,NA
HANN,1995-96,12/12/1995,NA,2,NA,NA,NA,NA,1,2,NA,NA,1,NA,2,NA,NA,2,NA,NA,NA
HOPE,1995-96,1/15/1996,2,NA,NA,NA,NA,NA,NA,NA,NA,NA,NA,NA,NA,NA,1,NA,NA,NA,NA
JONA,1995-96,1/30/1996,1,NA,NA,NA,NA,NA,NA,1,NA,2,2,NA,NA,NA,NA,NA,NA,NA,NA
JOUG,1995-96,11/27/1995,NA,2,NA,NA,NA,NA,NA,NA,NA,2,1,NA,NA,NA,NA,NA,NA,NA,NA
LAGO,1995-96,1/21/1996,2,1,NA,NA,NA,NA,NA,NA,NA,NA,1,NA,NA,NA,NA,NA,NA,NA,NA
MARA,1995-96,1/25/1996,NA,NA,1,NA,NA,NA,NA,NA,NA,NA,NA,NA,NA,NA,NA,NA,NA,NA,NA
MIKK,1995-96,1/15/1996,NA,NA,NA,NA,NA,NA,NA,NA,NA,2,1,NA,NA,1,NA,NA,NA,NA,NA
NEKO,1995-96,1/25/1996,NA,NA,NA,NA,NA,NA,NA,NA,NA,2,2,NA,NA,2,NA,NA,NA,NA,NA
NEKO,1995-96,2/3/1996,0,0,0,2,0,0,0,0,0,2,2,0,0,2,0,0,0,0,0
ORNE,1995-96,1/25/1996,NA,2,NA,NA,NA,NA,NA,2,NA,NA,NA,NA,NA,2,NA,1,NA,NA,NA
PAUL,1995-96,1/31/1996,2,2,NA,NA,NA,NA,NA,NA,NA,NA,NA,NA,NA,1,NA,NA,NA,NA,NA
PENG,1995-96,11/17/1995,NA,NA,NA,NA,NA,NA,NA,2,NA,NA,NA,NA,2,NA,NA,NA,NA,NA,NA
PENG,1995-96,12/11/1995,0,0,0,1,0,0,0,2,0,0,1,0,0,1,0,0,0,0,0
PETE,1995-96,1/23/1996,2,2,NA,NA,NA,NA,NA,NA,NA,2,NA,NA,NA,1,NA,NA,NA,NA,NA
PLEN,1995-96,2/13/1996,0,0,0,0,0,0,0,0,0,2,0,0,0,0,0,0,0,0,0
POPT,1995-96,1/26/1996,NA,NA,NA,NA,NA,NA,NA,NA,NA,1,NA,NA,1,1,NA,NA,NA,NA,NA
ROBE,1995-96,12/11/1995,NA,NA,NA,NA,NA,NA,NA,2,NA,NA,2,NA,NA,1,NA,NA,NA,NA,NA
ROBE,1995-96,2/9/1996,0,0,0,0,0,0,0,2,0,0,0,0,0,0,0,0,0,0,0
TURR,1995-96,11/28/1995,2,0,0,0,0,0,0,2,0,0,2,0,0,0,0,1,0,0,0
TURR,1995-96,12/11/1995,2,1,NA,NA,NA,NA,NA,2,NA,NA,2,NA,NA,1,NA,NA,NA,NA,NA
WHAL,1995-96,11/18/1995,NA,NA,NA,NA,NA,NA,NA,NA,NA,NA,2,NA,NA,1,NA,NA,NA,NA,NA
AITC,1996-97,2/17/1997,0,1,0,2,0,2,0,2,0,2,2,0,2,1,0,1,0,2,1
ALMI,1996-97,11/25/1996,0,2,1,0,0,0,0,0,0,2,1,0,0,0,0,2,0,0,0
ALMI,1996-97,12/4/1996,0,2,1,0,0,0,0,0,0,0,0,0,0,0,0,0,0,0,0
BAIL,1996-97,12/3/1996,1,0,1,1,0,0,0,2,0,1,1,0,1,1,0,1,0,0,0
BAIL,1996-97,2/21/1997,0,0,0,1,0,0,0,2,0,0,0,0,0,1,0,1,0,0,0
BERN,1996-97,12/2/1996,0,0,0,0,0,0,0,0,0,2,1,0,0,0,0,0,0,0,0
BRIT,1996-97,12/30/1996,0,2,0,1,1,1,2,2,0,1,0,2,1,0,0,2,1,0,1
CUVE,1996-97,12/4/1996,0,0,0,1,0,0,0,0,0,2,0,0,0,1,0,0,0,0,0
CUVE,1996-97,2/18/1997,0,0,0,2,0,0,0,0,0,2,0,0,1,2,0,0,0,0,0
DEVI,1996-97,2/22/1997,2,0,0,2,0,0,0,0,0,0,1,0,0,2,0,0,0,0,0
EDEN,1996-97,12/1/1996,2,0,0,2,0,0,2,0,0,0,1,0,1,2,0,1,0,0,1
GEOR,1996-97,12/4/1996,1,1,1,0,0,0,0,2,0,2,0,0,0,0,0,2,0,0,0
HALF,1996-97,12/2/1996,1,1,2,1,0,0,0,2,0,1,2,0,0,1,0,2,0,0,2
HANN,1996-97,12/3/1996,0,2,1,0,0,0,2,2,0,2,2,2,2,0,0,2,0,0,0
HANN,1996-97,1/30/1997,0,2,0,1,0,0,1,2,0,2,2,2,2,1,0,2,0,0,2
HERO,1996-97,12/1/1996,2,0,0,1,0,0,0,0,0,2,1,0,0,1,1,1,0,0,0
HYDR,1996-97,11/25/1996,1,2,0,1,0,0,0,2,0,1,1,0,1,1,0,1,0,0,1
JOUG,1996-97,11/24/1996,0,2,1,1,0,0,0,0,0,2,2,0,0,0,1,1,0,1,0
ORNE,1996-97,12/4/1996,0,2,1,1,0,0,0,2,0,0,1,0,1,1,0,0,0,0,0
PAUL,1996-97,11/27/1996,2,2,0,2,0,0,0,0,0,0,1,0,1,2,0,1,0,0,1
PAUL,1996-97,12/1/1996,2,2,0,0,0,0,0,0,0,0,2,0,0,0,0,2,0,0,0
PAUL,1996-97,12/31/1996,2,2,0,1,0,1,1,0,0,0,1,0,1,0,2,1,0,0,1
PENG,1996-97,11/30/1996,2,1,2,2,0,0,0,2,0,1,1,0,2,2,0,1,0,0,0
PETE,1996-97,12/5/1996,2,2,1,2,0,0,0,0,0,2,1,0,1,0,0,0,0,2,1
PETE,1996-97,1/9/1997,2,2,0,2,0,0,0,0,0,2,0,0,0,2,0,0,0,0,0
PETE,1996-97,1/29/1997,2,2,0,2,0,0,0,0,0,2,0,0,0,2,0,0,0,0,0
PETE,1996-97,2/16/1997,2,2,0,2,0,0,0,0,0,2,0,0,0,2,0,0,0,0,0
TELE,1996-97,11/26/1996,0,0,1,0,0,0,0,0,0,0,1,0,0,0,0,0,0,0,0
WHAL,1996-97,11/26/1996,0,0,1,1,0,0,0,0,0,1,1,0,0,1,0,0,0,0,0
YANK,1996-97,11/23/1996,0,0,1,2,0,0,0,0,0,2,1,0,0,2,0,1,0,0,0
AITC,1997-98,11/25/1997,0,1,0,0,0,0,0,2,0,2,0,0,0,0,0,0,0,0,0
ALMI,1997-98,11/23/1997,0,2,1,1,0,0,0,0,0,2,1,0,0,1,0,1,0,0,1
BAIL,1997-98,12/3/1997,0,0,0,1,0,1,0,2,0,0,0,0,0,0,0,1,0,0,0
CUVE,1997-98,12/4/1997,0,0,0,1,0,0,0,0,0,2,0,0,0,0,0,0,0,1,1
GEOR,1997-98,12/4/1997,0,0,0,0,0,0,0,2,0,2,0,0,0,0,0,0,0,0,0
HANN,1997-98,12/3/1997,0,2,1,0,0,0,2,2,0,2,2,2,2,0,0,2,0,0,0
JOUG,1997-98,11/24/1997,0,2,0,2,0,2,0,0,0,2,2,0,0,0,0,0,0,0,0
JOUG,1997-98,12/5/1997,0,2,0,1,0,0,0,0,0,2,0,0,0,0,0,0,0,1,0
JOUG,1997-98,2/3/1998,0,2,0,0,0,0,0,0,0,2,0,0,0,0,0,0,0,0,0
ORNE,1997-98,12/4/1997,0,2,0,2,0,0,0,2,0,0,1,0,0,0,0,0,0,2,0
PENG,1997-98,11/26/1997,0,0,0,1,0,0,0,0,0,0,1,0,2,1,0,0,0,0,0
PENG,1997-98,12/1/1997,2,1,2,2,0,0,0,2,0,1,2,0,2,2,0,0,0,0,0
PETE,1997-98,11/23/1997,2,2,1,1,0,0,0,0,0,2,1,0,0,1,0,0,0,0,0
PETE,1997-98,12/5/1997,2,2,1,2,0,0,0,0,0,2,1,0,0,0,0,0,0,2,1
TURR,1997-98,11/26/1997,2,1,0,1,0,0,0,2,0,1,1,0,2,1,0,0,0,0,0
WATE,1997-98,11/23/1997,0,1,1,2,0,2,0,2,0,2,1,0,0,0,0,0,0,0,1
WHAL,1997-98,11/25/1997,0,0,1,2,0,2,0,0,0,1,2,0,0,0,0,0,0,0,0
AITC,1998-99,1/24/1999,0,1,0,2,0,2,0,2,0,2,0,0,2,0,0,0,0,0,0
BAIL,1998-99,1/20/1999,0,0,0,1,0,0,0,2,0,0,0,1,0,1,0,0,0,0,0
CUVE,1998-99,12/5/1998,0,0,0,0,0,0,0,0,0,2,0,0,0,0,0,0,0,0,0
GOUR,1998-99,1/20/1999,2,0,0,0,0,0,0,2,0,2,0,0,0,0,0,0,0,0,0
HALF,1998-99,11/26/1998,0,0,0,0,0,0,0,2,0,0,0,0,0,0,0,0,0,0,0
HANN,1998-99,12/7/1998,0,2,0,0,0,0,0,2,0,2,0,0,0,0,0,0,0,0,0
JOUG,1998-99,11/28/1998,0,2,0,1,0,0,0,1,0,2,2,0,0,0,0,0,0,1,0
NEKO,1998-99,1/23/1999,0,0,0,2,0,0,0,0,0,2,2,0,0,0,0,0,0,2,0
ORNE,1998-99,11/27/1998,0,2,0,0,0,0,0,2,0,0,0,0,0,0,0,0,0,0,0
ORNE,1998-99,12/6/1998,0,2,0,1,0,0,1,2,0,1,1,0,0,0,0,0,0,1,1
PAUL,1998-99,1/21/1999,2,1,0,1,0,1,0,1,0,0,2,0,1,0,0,0,0,1,1
PENG,1998-99,12/9/1998,0,0,1,1,0,0,0,0,0,0,0,0,2,1,0,0,0,1,0
PENG,1998-99,1/19/1999,2,0,0,0,0,0,0,2,0,0,0,0,2,0,0,0,0,0,0
PETE,1998-99,1/22/1999,2,2,0,0,0,0,0,0,0,2,1,0,1,0,0,0,0,0,1
VAPO,1998-99,1/16/1999,0,0,0,0,0,0,0,2,0,0,0,0,0,0,0,0,0,0,0
WATE,1998-99,11/27/1998,0,1,0,1,0,0,0,2,0,2,1,0,0,1,0,1,0,0,0
YANK,1998-99,1/20/1999,0,0,0,2,0,2,0,0,0,2,0,0,0,0,0,0,0,0,0
AITC,1999-00,12/13/1999,1,1,1,2,0,2,2,2,0,2,2,0,2,2,0,1,0,2,0
AITC,1999-00,1/9/2000,0,0,0,2,0,0,2,2,0,0,2,0,2,2,0,0,0,0,2
ALMI,1999-00,1/13/2000,0,2,0,0,0,0,0,0,0,0,0,0,0,0,0,0,0,0,0
BAIL,1999-00,12/19/1999,0,0,0,1,0,0,1,2,0,0,1,1,0,1,0,0,0,0,0
BROW,1999-00,11/25/1999,2,0,0,1,0,1,1,0,0,2,2,0,0,0,1,0,0,0,0
BROW,1999-00,12/15/1999,2,0,0,0,0,0,0,0,0,2,0,0,0,0,2,0,0,0,2
CUVE,1999-00,1/23/2000,0,0,0,1,0,0,0,0,0,2,0,0,0,0,0,0,0,1,1
DANC,1999-00,11/29/1999,0,1,1,1,0,0,0,0,0,2,1,0,0,1,0,2,0,1,0
DEVI,1999-00,1/11/2000,2,0,0,2,0,0,0,0,0,0,0,0,0,2,0,0,0,0,0
DEVI,1999-00,1/17/2000,2,0,0,2,0,2,0,0,0,0,0,0,0,0,0,0,0,0,0
FORT,1999-00,12/13/1999,1,2,2,1,0,0,2,2,0,2,2,2,1,1,0,2,2,0,2
FOYN,1999-00,12/18/1999,0,1,1,0,0,0,0,0,0,0,0,0,0,0,0,0,0,0,0
GEOR,1999-00,12/18/1999,0,0,0,0,0,0,0,2,0,0,0,0,0,0,0,0,0,0,0
HALF,1999-00,1/22/2000,0,1,2,1,0,1,0,2,0,0,2,0,1,0,0,0,0,0,1
HANN,1999-00,12/18/1999,0,2,0,2,0,2,2,2,0,2,2,2,2,2,0,2,0,0,1
HANN,1999-00,1/14/2000,0,2,0,0,0,0,0,2,0,0,0,0,2,0,0,0,0,0,0
HANN,1999-00,1/18/2000,0,0,0,2,0,0,0,2,0,2,2,2,2,2,0,2,0,0,0
HANN,1999-00,1/25/2000,0,2,1,2,0,2,2,2,0,2,2,2,2,0,0,1,0,0,1
HERO,1999-00,1/21/2000,2,1,1,1,0,1,0,0,0,2,1,0,0,0,0,1,0,0,0
HYDR,1999-00,12/17/1999,0,2,0,0,0,0,1,2,0,0,2,0,1,0,0,1,0,0,2
JOUG,1999-00,11/27/1999,0,2,2,1,0,0,0,1,0,2,2,0,0,1,1,1,0,0,0
JOUG,1999-00,12/17/1999,0,2,0,0,0,0,0,0,0,2,0,0,0,0,0,0,0,0,0
JOUG,1999-00,1/13/2000,0,2,0,0,0,0,0,0,0,0,0,0,0,0,0,0,0,0,0
JOUG,1999-00,1/19/2000,0,2,0,0,0,0,0,0,0,2,0,0,0,0,0,0,0,0,0
JOUG,1999-00,1/23/2000,0,2,0,0,0,0,0,0,0,2,0,0,0,0,0,0,0,0,0
NEKO,1999-00,12/16/1999,0,0,0,2,0,0,0,0,0,2,2,0,0,2,0,0,0,0,0
NEKO,1999-00,1/24/2000,0,0,0,2,0,2,0,0,0,2,2,0,0,0,0,1,0,0,0
ORNE,1999-00,11/27/1999,0,1,0,1,0,0,0,2,0,2,1,0,0,1,0,0,0,0,0
ORNE,1999-00,12/16/1999,0,0,0,2,0,0,0,2,0,0,0,0,0,0,0,1,0,2,0
ORNE,1999-00,1/21/2000,0,1,0,2,0,0,0,2,0,0,0,0,0,2,0,0,0,0,0
ORNE,1999-00,1/23/2000,0,1,0,2,0,0,0,2,0,0,0,0,1,2,0,1,0,0,1
PAUL,1999-00,11/25/1999,2,2,0,2,0,0,0,0,0,1,1,0,1,2,0,1,0,0,1
PAUL,1999-00,12/14/1999,2,2,0,1,0,1,0,0,0,0,1,0,1,0,0,0,0,1,0
PAUL,1999-00,1/21/2000,2,2,0,0,0,0,0,0,0,0,0,0,0,0,0,0,0,0,0
PENG,1999-00,12/15/1999,2,0,1,2,0,1,1,2,0,1,1,0,2,2,0,1,0,0,1
PETE,1999-00,12/16/1999,0,0,0,0,0,0,0,0,0,2,0,0,0,0,0,2,0,0,0
PETE,1999-00,1/20/2000,2,2,0,0,0,0,0,0,0,2,0,0,0,0,0,0,0,0,0
PETE,1999-00,1/24/2000,2,2,0,1,0,0,0,0,0,2,0,0,0,0,0,2,0,1,0
PLEN,1999-00,11/28/1999,1,2,0,1,0,0,0,0,0,2,1,0,0,1,0,0,0,0,0
VERN,1999-00,1/24/2000,1,1,1,1,0,0,0,0,0,0,2,0,0,0,0,0,0,1,0
VIEW,1999-00,1/17/2000,1,0,0,1,0,0,0,0,0,1,2,0,0,1,0,0,0,1,0
WHAL,1999-00,11/26/1999,0,0,0,1,0,0,0,0,0,0,2,0,0,0,0,0,0,1,0
WHAL,1999-00,12/18/1999,0,0,2,1,0,1,0,0,0,0,2,0,0,0,0,0,0,1,0
WHAL,1999-00,1/25/2000,0,0,2,1,0,0,0,0,0,0,2,0,0,1,0,0,0,0,0
YANK,1999-00,11/26/1999,0,0,1,2,0,0,1,0,0,2,1,0,0,2,0,0,0,0,0
YANK,1999-00,12/13/1999,0,0,0,0,0,0,0,0,0,2,0,0,0,0,0,0,0,0,0
AITC,2000-01,12/15/2000,0,0,1,0,0,0,0,2,0,0,0,0,2,0,0,0,0,0,0
AITC,2000-01,12/24/2000,0,0,2,2,0,0,2,0,0,0,2,0,2,2,0,0,0,0,0
AITC,2000-01,1/22/2001,0,1,0,2,0,2,0,2,0,2,1,0,2,0,0,0,0,0,0
ALMI,2000-01,12/14/2000,0,2,2,0,0,0,2,0,0,0,2,0,0,0,0,1,0,0,0
BAIL,2000-01,1/11/2001,0,0,0,0,0,0,0,2,0,0,0,0,0,0,0,0,0,0,0
BAIL,2000-01,1/25/2001,0,0,0,0,0,0,0,2,0,0,0,0,0,0,0,0,0,0,0
BALD,2000-01,1/10/2001,0,0,0,0,0,0,0,0,0,0,0,0,0,0,0,0,0,0,0
BLAI,2000-01,1/13/2001,0,1,0,2,0,0,0,0,0,0,0,0,0,2,0,0,0,0,0
BROW,2000-01,12/11/2000,2,0,0,2,0,2,0,0,0,2,0,0,0,0,2,0,0,0,0
BROW,2000-01,12/25/2000,0,0,0,0,0,0,0,0,0,0,0,0,0,0,2,0,0,0,0
BROW,2000-01,1/9/2001,0,0,0,0,0,0,0,0,0,2,2,0,0,0,2,0,0,0,0
BROW,2000-01,2/2/2001,2,0,0,2,0,2,0,0,0,2,0,0,0,0,2,0,0,0,0
BURD,2000-01,1/27/2001,0,0,0,1,0,0,0,0,0,1,0,0,1,1,0,0,0,0,0
CUVE,2000-01,1/23/2001,0,2,0,0,0,0,0,0,0,2,0,0,0,0,0,0,0,0,0
DEVI,2000-01,1/10/2001,2,0,0,0,0,0,0,0,0,0,0,0,0,0,0,0,0,0,0
FORT,2000-01,2/1/2001,0,1,1,0,0,0,0,2,0,2,1,0,0,0,0,0,1,0,1
GEOR,2000-01,1/12/2001,0,0,0,0,0,0,0,2,0,0,0,0,0,0,0,2,0,0,0
HANN,2000-01,12/15/2000,0,2,0,0,0,0,0,2,0,2,2,2,2,0,0,0,0,0,0
HANN,2000-01,12/30/2000,0,2,0,0,0,0,0,2,0,0,0,0,0,0,0,0,0,0,0
HYDR,2000-01,12/26/2000,0,2,0,2,0,0,0,2,0,0,2,0,1,2,0,2,0,0,0
JOUG,2000-01,12/13/2000,1,2,0,1,0,0,0,1,0,2,2,0,0,0,0,0,0,1,0
JOUG,2000-01,12/27/2000,0,2,0,0,0,0,0,0,0,0,0,0,0,0,0,0,0,0,0
JOUG,2000-01,1/12/2001,0,2,0,0,0,0,0,0,0,2,0,0,0,0,0,0,0,0,0
JOUG,2000-01,1/23/2001,0,2,0,0,0,0,0,0,0,0,0,0,0,0,0,0,0,0,0
JOUG,2000-01,2/4/2001,0,2,2,2,0,0,0,0,0,2,2,0,0,0,0,0,0,2,1
MIKK,2000-01,2/3/2001,0,0,1,1,0,1,0,1,0,2,1,0,0,0,0,0,0,1,0
ORNE,2000-01,12/14/2000,0,0,0,2,0,0,0,2,0,0,0,0,0,0,0,0,0,2,0
ORNE,2000-01,1/23/2001,0,2,0,2,0,0,0,2,0,0,0,0,0,0,0,0,0,2,0
PAUL,2000-01,12/11/2000,2,2,0,1,0,1,0,0,0,0,1,0,1,0,1,0,0,0,0
PAUL,2000-01,12/25/2000,0,2,0,0,0,0,0,0,0,0,0,0,0,0,0,0,0,0,0
PAUL,2000-01,1/9/2001,2,2,0,0,0,0,0,0,0,0,0,0,0,0,0,0,0,0,0
PAUL,2000-01,1/26/2001,2,2,0,1,0,0,0,0,0,0,1,0,0,1,1,0,0,0,0
PAUL,2000-01,2/2/2001,2,2,0,0,0,0,0,0,0,0,0,0,0,0,0,0,0,0,0
PCHA,2000-01,1/14/2001,2,2,0,2,0,0,0,2,0,2,2,0,0,2,0,0,0,0,0
PCHA,2000-01,1/24/2001,2,0,0,2,0,0,0,2,0,2,1,0,1,1,0,1,0,2,0
PCHA,2000-01,2/4/2001,2,2,0,2,0,0,0,2,0,2,0,0,0,0,0,0,0,2,0
PETE,2000-01,12/13/2000,2,2,0,0,0,0,0,1,0,0,0,0,0,0,0,0,0,0,2
PETE,2000-01,1/14/2001,2,2,0,0,0,0,0,0,0,2,0,0,0,0,0,0,0,0,0
PLEN,2000-01,12/13/2000,1,2,1,2,0,0,0,0,0,2,1,0,0,0,0,0,0,2,1
PLEN,2000-01,12/27/2000,0,2,2,2,0,0,0,0,0,0,2,0,0,2,0,0,0,0,0
PLEN,2000-01,1/24/2001,0,2,0,0,0,0,0,0,0,2,0,0,0,0,0,0,0,0,1
PRIE,2000-01,1/23/2001,0,2,0,1,0,0,0,0,0,0,0,0,0,1,0,0,0,0,0
PYPT,2000-01,2/5/2001,0,0,0,2,0,0,0,0,0,2,0,0,0,0,0,0,0,2,0
STON,2000-01,12/28/2000,0,0,2,2,0,0,0,0,0,0,0,0,0,0,0,0,0,2,0
VAPO,2000-01,2/6/2001,0,0,0,0,0,0,0,2,0,0,0,0,0,0,0,0,0,0,0
WHAL,2000-01,12/12/2000,0,0,2,1,0,0,0,1,0,0,2,0,0,1,0,0,0,0,0
WHAL,2000-01,1/11/2001,0,0,0,0,0,0,2,0,0,0,0,0,0,0,0,0,0,0,0
WILD,2000-01,12/10/2000,0,1,0,1,0,0,1,2,0,1,1,1,0,1,0,1,0,0,0
YANK,2000-01,12/24/2000,0,0,0,0,0,0,0,0,0,2,0,0,0,0,0,0,0,0,0
AITC,2001-02,12/12/2001,0,0,2,0,0,0,0,2,0,0,0,0,2,0,0,0,0,0,0
AITC,2001-02,12/20/2001,0,0,0,0,0,0,0,2,0,0,0,0,2,0,0,0,0,0,0
AITC,2001-02,12/30/2001,0,0,0,0,0,0,0,2,0,0,0,0,0,0,0,0,0,0,0
AITC,2001-02,1/11/2002,0,0,0,0,0,0,0,0,0,2,0,0,2,0,0,0,0,0,0
AITC,2001-02,1/22/2002,0,0,0,2,0,0,0,2,0,2,0,0,2,2,0,0,0,0,0
AITC,2001-02,2/2/2002,0,0,0,0,0,0,0,2,0,2,0,0,0,0,0,0,0,0,0
ALMI,2001-02,12/13/2001,0,2,0,0,0,0,0,0,0,0,0,0,0,0,0,0,0,0,0
ALMI,2001-02,12/24/2001,0,2,0,0,0,0,0,0,0,0,0,0,0,0,0,0,0,0,0
ALMI,2001-02,1/15/2002,0,2,0,0,0,0,0,0,0,0,0,0,0,0,0,0,0,0,0
ALMI,2001-02,1/27/2002,0,2,1,0,0,0,0,0,0,0,0,0,0,0,0,0,0,0,0
ALMI,2001-02,2/7/2002,0,2,0,0,0,0,0,0,0,0,0,0,0,0,0,0,0,0,0
ALMI,2001-02,2/17/2002,0,2,0,0,0,0,0,0,0,0,0,0,0,0,0,0,0,0,0
AMPH,2001-02,2/22/2002,0,0,0,1,0,1,0,2,0,1,0,0,1,0,0,2,0,0,0
BAIL,2001-02,1/17/2002,0,0,0,0,0,0,0,2,0,0,0,0,0,0,0,0,0,0,0
BROW,2001-02,12/11/2001,2,0,0,0,0,0,0,0,0,2,0,0,0,0,0,0,0,0,0
BROW,2001-02,12/22/2001,2,0,0,0,0,0,0,0,0,2,0,0,0,0,2,0,0,0,0
BROW,2001-02,1/2/2002,2,0,0,0,0,0,0,0,0,2,2,0,0,0,2,0,0,0,2
BROW,2001-02,1/13/2002,0,0,0,0,0,0,0,0,0,2,0,0,0,0,0,0,0,0,0
BROW,2001-02,1/24/2002,2,0,0,0,0,0,0,0,0,2,0,0,0,0,2,0,0,0,2
BROW,2001-02,2/4/2002,2,0,0,0,0,0,0,2,0,2,0,0,0,0,2,0,0,0,0
CUVE,2001-02,12/13/2001,0,2,0,0,0,0,0,0,0,0,0,0,0,0,0,0,0,0,0
CUVE,2001-02,1/4/2002,0,0,0,0,0,0,0,0,0,2,0,0,0,0,0,0,0,0,0
CUVE,2001-02,1/14/2002,0,0,0,0,0,0,0,0,0,2,0,0,0,0,0,0,0,0,0
CUVE,2001-02,2/7/2002,0,2,0,0,0,0,0,0,0,2,0,0,0,0,0,0,0,0,0
CUVE,2001-02,2/15/2002,0,2,1,1,0,1,0,0,0,2,0,0,0,0,0,0,0,0,1
DANC,2001-02,12/14/2001,0,0,0,0,0,0,0,0,0,2,2,0,0,0,0,0,0,0,0
DEVI,2001-02,1/12/2002,2,0,0,0,0,0,0,0,0,0,0,0,0,0,0,0,0,0,0
DEVI,2001-02,1/24/2002,2,0,0,0,0,0,0,0,0,0,0,0,0,0,0,0,0,0,0
ENTE,2001-02,2/17/2002,0,2,0,0,0,0,0,0,0,0,0,0,0,0,0,0,0,0,0
FALS,2001-02,12/10/2001,0,0,1,2,0,0,0,0,0,0,2,0,0,0,2,0,0,2,2
HILL,2001-02,2/20/2002,0,0,1,1,0,0,0,0,0,0,1,0,0,0,0,0,0,1,0
HYDR,2001-02,12/23/2001,0,2,0,0,0,0,0,2,0,0,0,0,0,0,0,0,0,0,0
HYDR,2001-02,1/3/2002,0,2,0,0,0,0,0,2,0,0,0,0,0,0,0,0,0,0,0
JADE,2001-02,12/22/2001,1,0,1,1,0,0,0,0,0,2,1,0,0,0,0,0,0,1,1
JADE,2001-02,1/2/2002,1,0,1,0,0,0,0,0,0,0,1,0,0,0,0,0,0,0,1
JONA,2001-02,12/22/2001,0,0,0,0,0,0,2,0,0,2,0,0,0,0,0,0,0,0,0
JOUG,2001-02,12/15/2001,0,2,0,0,0,0,0,0,0,2,0,0,0,0,0,0,0,0,0
JOUG,2001-02,12/25/2001,0,2,0,0,0,0,0,0,0,2,0,0,0,0,0,0,0,0,0
JOUG,2001-02,1/5/2002,0,2,0,0,0,0,0,0,0,2,0,0,0,0,0,0,0,0,0
JOUG,2001-02,1/16/2002,0,2,0,0,0,0,0,0,0,2,0,0,0,0,0,0,0,0,0
JOUG,2001-02,1/28/2002,0,2,0,2,0,0,0,0,0,2,0,0,0,2,0,0,0,0,0
JOUG,2001-02,2/6/2002,0,2,0,0,0,0,0,0,0,2,0,0,0,0,0,0,0,0,0
JOUG,2001-02,2/15/2002,0,2,0,0,0,0,0,0,0,2,0,0,0,0,0,0,0,0,0
LECO,2001-02,12/23/2001,0,2,0,0,0,0,0,0,0,0,0,0,0,0,0,0,0,0,0
MITC,2001-02,12/26/2001,0,0,2,2,0,2,0,1,0,0,1,0,0,0,0,0,0,2,2
MITC,2001-02,1/6/2002,1,0,2,0,0,0,0,1,0,1,0,0,0,0,0,0,0,0,0
OBEL,2001-02,1/1/2002,0,0,0,1,0,0,0,0,0,0,1,0,0,1,0,0,0,0,0
ORNE,2001-02,12/24/2001,0,0,0,1,0,0,0,2,0,1,0,0,0,0,0,1,0,1,0
ORNE,2001-02,1/27/2002,0,0,0,2,0,0,0,2,0,0,0,0,0,2,0,0,0,0,0
ORNE,2001-02,2/7/2002,0,1,0,2,0,0,0,2,0,2,1,0,0,2,0,0,0,0,1
ORNE,2001-02,2/15/2002,0,2,0,2,0,0,0,2,0,1,0,0,0,2,0,0,0,0,0
PAUL,2001-02,12/11/2001,2,2,0,1,0,1,0,0,0,0,1,0,0,0,1,2,0,1,1
PAUL,2001-02,12/21/2001,2,2,0,0,0,0,0,0,0,0,0,0,0,0,2,0,0,0,0
PAUL,2001-02,1/25/2002,2,2,0,0,0,0,0,0,0,0,0,0,0,0,0,0,0,0,0
PAUL,2001-02,2/3/2002,2,2,1,1,0,1,0,0,0,0,0,0,0,0,0,0,0,0,1
PAUL,2001-02,2/20/2002,0,2,0,0,0,0,0,0,0,0,0,0,0,0,0,0,0,0,0
PCHA,2001-02,12/24/2001,2,2,0,0,0,0,0,2,0,2,0,0,1,0,1,0,0,0,0
PCHA,2001-02,1/15/2002,2,0,0,0,0,0,0,2,0,2,0,0,0,0,0,0,0,0,0
PEPO,2001-02,2/19/2002,2,0,0,2,0,0,0,0,0,0,0,0,0,2,0,0,0,0,0
PERS,2001-02,1/12/2002,0,0,0,0,0,0,0,0,0,0,0,0,0,0,0,0,0,0,0
PETE,2001-02,2/16/2002,2,2,0,0,0,0,0,0,0,2,0,0,0,0,0,1,0,0,0
PLEN,2001-02,1/4/2002,0,2,1,0,0,0,0,0,0,2,0,0,0,0,0,0,0,0,1
PLEN,2001-02,1/15/2002,0,2,0,0,0,0,0,0,0,2,0,0,0,0,0,0,0,0,0
PLEN,2001-02,2/8/2002,0,2,1,2,0,0,0,0,0,2,1,0,0,2,0,2,0,0,1
PRIE,2001-02,12/14/2001,0,2,0,0,0,0,0,0,0,0,0,0,0,0,0,0,0,0,0
SNOW,2001-02,12/10/2001,0,1,1,1,0,1,0,0,0,0,1,0,0,0,0,0,0,0,1
SNOW,2001-02,12/21/2001,0,0,1,0,0,0,0,0,0,0,0,0,0,0,0,0,0,0,0
SNOW,2001-02,1/2/2002,1,0,0,0,0,0,0,0,0,0,1,0,0,0,0,0,0,0,0
SNOW,2001-02,1/13/2002,0,0,0,0,0,0,0,0,0,0,1,0,0,0,0,0,0,0,0
SNOW,2001-02,2/19/2002,1,1,1,0,0,0,0,0,0,0,1,0,0,0,0,0,0,0,0
TAYH,2001-02,1/25/2002,2,0,1,1,0,1,0,0,0,0,1,0,1,0,0,0,0,0,0
TAYH,2001-02,2/4/2002,2,0,2,2,0,0,0,0,1,1,1,0,1,0,0,0,0,2,1
TAYH,2001-02,2/20/2002,2,0,2,1,0,0,0,0,0,0,1,0,1,1,0,0,0,0,0
TELE,2001-02,2/18/2002,0,NA,NA,NA,NA,NA,NA,0,0,0,NA,0,NA,NA,NA,NA,NA,NA,NA
WHAL,2001-02,12/12/2001,2,2,0,0,0,0,0,0,0,0,0,0,0,0,0,0,0,0,0
WHAL,2001-02,1/6/2002,0,0,2,1,0,0,0,1,0,1,2,0,0,1,0,0,0,0,0
WHAL,2001-02,2/18/2002,0,2,0,2,0,0,0,0,0,0,0,0,0,2,0,0,0,0,0
WILD,2001-02,12/9/2001,0,0,1,0,0,0,1,2,0,0,1,0,1,0,0,1,0,0,1
WILD,2001-02,2/21/2002,0,0,0,0,0,0,1,2,0,0,0,0,1,0,0,0,0,0,1
AITC,2002-03,12/8/2002,0,0,1,2,0,0,0,2,0,2,2,0,2,2,0,0,0,0,0
AITC,2002-03,12/29/2002,0,0,1,2,0,0,1,2,0,2,1,0,2,2,0,1,0,0,0
AITC,2002-03,1/8/2003,0,0,2,2,0,0,0,2,0,2,2,2,2,2,0,1,2,0,0
AITC,2002-03,1/19/2003,1,1,0,1,0,1,0,2,0,2,0,0,2,0,0,0,0,0,0
AITC,2002-03,1/30/2003,0,0,1,1,0,1,1,2,0,2,1,0,1,1,0,0,0,0,1
ALMI,2002-03,12/11/2002,0,2,1,0,0,0,1,0,0,0,1,0,0,0,0,1,0,0,0
ALMI,2002-03,1/3/2003,0,2,0,0,0,0,0,0,0,0,0,0,0,0,0,0,0,0,0
ALMI,2002-03,1/25/2003,0,2,0,0,0,0,0,0,0,0,0,0,0,0,0,0,0,0,0
ALMI,2002-03,2/6/2003,0,2,0,0,0,0,0,0,0,0,0,0,0,0,0,0,0,0,0
ALMI,2002-03,2/14/2003,0,2,0,0,0,0,0,0,0,0,0,0,0,0,0,0,0,0,0
BAIL,2002-03,12/8/2002,0,0,0,1,0,1,0,2,0,0,0,0,0,0,0,1,0,0,0
BAIL,2002-03,12/30/2002,0,0,0,1,0,1,1,2,0,0,1,0,0,0,0,1,0,0,0
BAIL,2002-03,1/9/2003,1,0,0,1,0,0,2,1,0,2,1,1,0,1,0,1,0,0,0
BAIL,2002-03,1/22/2003,0,0,0,1,0,0,0,2,0,0,1,0,1,1,0,1,0,0,0
BAIL,2002-03,2/2/2003,0,0,0,1,0,1,2,2,0,0,1,0,1,1,0,1,0,0,0
BAIL,2002-03,2/15/2003,0,0,0,1,0,1,0,2,0,1,1,0,1,1,0,1,0,0,0
BRIT,2002-03,12/28/2002,0,0,1,1,0,0,1,2,0,2,1,0,1,1,0,1,0,0,1
BROW,2002-03,1/1/2003,2,0,1,1,0,0,2,0,0,2,2,0,1,1,2,0,0,0,0
BROW,2002-03,1/10/2003,2,0,1,1,0,0,1,1,0,2,2,0,0,1,2,1,0,0,1
BROW,2002-03,2/1/2003,2,0,0,2,0,2,2,0,0,2,2,0,0,2,2,0,0,0,0
CUVE,2002-03,1/2/2003,0,2,1,2,0,0,1,0,0,2,2,0,0,0,0,1,0,2,1
CUVE,2002-03,2/14/2003,0,2,0,1,0,0,0,0,0,2,1,0,0,1,0,0,0,0,0
DAMO,2002-03,12/12/2002,0,1,1,1,0,0,0,0,0,2,2,0,0,0,0,0,0,1,0
DETA,2002-03,1/13/2003,2,2,0,2,0,0,0,0,0,0,2,0,0,2,0,0,0,2,0
DEVI,2002-03,1/20/2003,2,0,0,2,0,0,0,0,0,0,0,0,0,2,0,0,0,0,0
DEVI,2002-03,2/17/2003,2,0,0,1,0,1,0,0,0,0,1,0,0,1,0,0,0,1,0
EAGL,2002-03,12/31/2002,0,0,1,1,0,0,0,0,0,1,1,0,0,1,0,0,0,0,0
FALS,2002-03,1/31/2003,0,0,0,2,0,0,0,0,0,0,0,0,0,0,0,0,0,2,0
FISH,2002-03,1/13/2003,2,2,0,2,0,0,0,0,0,0,1,0,0,0,0,0,0,2,0
GIBA,2002-03,2/19/2003,0,1,0,1,0,0,1,1,0,1,1,0,1,1,0,1,0,0,1
GOUR,2002-03,12/7/2002,2,0,0,1,0,1,0,2,0,2,1,0,0,0,0,0,0,0,0
HILL,2002-03,2/17/2003,0,0,1,1,0,0,0,0,0,0,1,0,0,1,0,0,0,1,0
HYDR,2002-03,1/1/2003,0,2,0,1,0,0,0,2,0,0,1,0,0,1,0,1,0,0,0
HYDR,2002-03,1/11/2003,0,2,1,1,0,0,0,2,0,0,1,0,0,1,0,2,0,0,1
JOUG,2002-03,12/9/2002,0,2,0,0,0,0,0,0,0,2,0,0,0,0,0,0,0,0,0
JOUG,2002-03,1/2/2003,0,2,0,2,0,0,0,0,0,2,2,0,0,2,0,1,0,0,0
JOUG,2002-03,1/12/2003,0,2,2,2,0,0,0,0,0,2,2,0,1,2,0,1,0,0,1
JOUG,2002-03,1/25/2003,0,2,0,1,0,0,0,0,0,2,0,0,0,1,0,0,0,0,0
JOUG,2002-03,2/6/2003,0,2,0,0,0,0,0,0,0,2,0,0,0,0,0,0,0,0,0
JOUG,2002-03,2/13/2003,0,2,0,2,0,2,0,0,0,2,2,0,0,2,0,0,0,0,0
LECO,2002-03,12/12/2002,0,2,0,0,0,0,0,0,0,0,0,0,0,0,0,0,0,0,0
MADD,2002-03,1/21/2003,2,0,0,0,0,0,0,0,0,1,2,0,1,0,0,2,0,0,0
MCAL,2002-03,2/12/2003,1,0,1,1,0,0,0,0,0,0,0,0,0,1,0,0,0,1,0
MITC,2002-03,12/29/2002,0,0,2,2,0,0,0,0,0,0,1,0,0,2,0,0,0,2,0
MITC,2002-03,1/8/2003,0,0,1,1,0,0,0,0,0,1,0,0,0,1,0,0,0,0,1
NEKO,2002-03,12/11/2002,0,0,0,2,0,0,0,1,0,2,2,0,0,1,0,0,0,2,1
NEKO,2002-03,1/11/2003,0,0,0,1,0,0,1,0,0,2,2,0,0,0,0,0,0,1,0
NEKO,2002-03,2/14/2003,0,0,0,1,0,1,0,1,0,2,1,0,0,1,0,0,0,1,0
ORNE,2002-03,12/9/2002,0,0,0,2,0,0,0,2,0,0,0,0,1,0,0,0,0,2,0
ORNE,2002-03,2/14/2003,0,1,0,1,0,1,0,2,0,1,1,0,1,1,0,1,0,1,1
PAUL,2002-03,1/10/2003,2,2,0,1,0,0,1,1,0,0,1,0,1,1,0,1,0,0,2
PAUL,2002-03,1/20/2003,2,2,1,0,0,0,0,0,0,0,1,0,0,0,2,0,0,0,2
PAUL,2002-03,2/1/2003,2,2,0,1,0,1,0,0,0,0,1,0,1,1,0,2,0,1,0
PAUL,2002-03,2/16/2003,2,2,0,1,0,1,0,0,0,0,1,0,1,1,0,0,0,0,1
PETE,2002-03,12/10/2002,2,2,1,2,0,0,0,0,0,2,0,0,0,0,0,1,0,2,0
PETE,2002-03,1/23/2003,2,2,0,2,0,0,0,0,0,2,0,0,0,2,0,2,0,0,0
PETE,2002-03,2/3/2003,2,2,0,1,0,0,0,1,0,2,0,0,0,1,0,0,0,0,0
PETE,2002-03,2/13/2003,2,2,0,1,0,1,0,0,0,2,1,0,0,1,0,1,0,1,1
PLEN,2002-03,1/3/2003,2,2,1,2,0,0,0,0,0,2,1,0,0,2,0,1,0,0,1
PLEN,2002-03,1/14/2003,0,2,2,1,0,0,0,0,0,2,2,0,0,1,0,1,0,0,0
SHUM,2002-03,2/4/2003,0,0,0,1,0,0,0,0,0,0,0,0,0,0,0,0,0,1,0
SIFF,2002-03,1/21/2003,0,0,0,0,0,0,0,1,0,1,0,0,0,0,1,0,0,0,0
SNOW,2002-03,1/31/2003,0,0,1,0,0,0,0,0,0,0,1,0,0,0,0,0,0,0,0
SNOW,2002-03,2/16/2003,0,0,1,0,0,0,0,0,0,0,1,0,0,0,0,0,0,0,0
TELE,2002-03,12/30/2002,0,0,0,0,0,0,0,1,0,0,0,0,0,0,0,0,0,0,0
TELE,2002-03,1/9/2003,0,0,1,0,0,0,0,0,0,0,0,0,0,0,0,0,0,0,0
TELE,2002-03,2/15/2003,0,0,0,1,0,0,0,0,0,0,0,0,0,1,0,0,0,0,0
WHAL,2002-03,12/30/2002,0,0,0,1,0,0,2,1,0,0,1,0,0,1,0,0,0,0,0
WHAL,2002-03,1/9/2003,0,0,1,1,0,0,2,1,0,1,1,0,0,1,0,0,0,0,0
WHAL,2002-03,2/1/2003,0,0,0,0,0,0,1,0,0,1,0,0,0,0,0,0,0,0,0
WHAL,2002-03,2/15/2003,0,0,0,1,0,1,1,1,0,1,0,0,0,1,0,0,0,1,0
WILD,2002-03,12/6/2002,0,0,0,1,0,0,1,2,0,0,1,0,1,1,0,1,1,0,1
WILD,2002-03,12/28/2002,0,2,1,1,0,0,2,2,0,2,0,1,1,1,0,1,0,0,2
WILD,2002-03,2/18/2003,0,1,0,1,0,0,1,2,0,0,1,1,1,1,0,1,0,0,1
YANK,2002-03,12/29/2002,0,0,0,1,0,1,0,0,0,2,1,0,1,0,0,1,0,0,2
AITC,2003-04,12/20/2003,0,0,0,0,0,0,0,2,0,2,0,0,2,0,0,0,0,0,0
AITC,2003-04,12/30/2003,0,0,0,2,0,2,0,2,0,2,0,0,2,0,0,0,0,0,0
AITC,2003-04,1/10/2004,0,0,0,2,0,0,0,2,0,2,2,0,2,2,0,0,0,0,0
ALMI,2003-04,12/2/2003,0,2,0,0,0,0,0,0,0,0,0,0,0,0,0,0,0,0,0
ALMI,2003-04,12/22/2003,0,2,0,0,0,0,0,0,0,0,0,0,0,0,0,0,0,0,0
ALMI,2003-04,1/1/2004,0,2,0,0,0,0,0,0,0,0,0,0,0,0,0,0,0,0,0
ALMI,2003-04,2/5/2004,0,2,0,0,0,0,0,0,0,0,0,0,0,0,0,0,0,0,0
BAIL,2003-04,12/4/2003,0,0,0,0,0,0,0,2,0,0,0,0,0,0,0,0,0,0,0
BAIL,2003-04,12/19/2003,0,0,0,0,0,0,0,2,0,0,0,0,0,0,0,0,0,0,0
BAIL,2003-04,1/10/2004,0,0,0,1,0,1,0,2,0,0,0,0,0,0,0,0,0,0,0
BROW,2003-04,11/29/2003,2,0,1,1,0,1,2,0,0,2,2,0,1,0,2,1,0,0,0
BRYS,2003-04,1/1/2004,0,0,1,1,0,1,0,0,0,2,0,0,0,0,0,0,0,0,0
CUVE,2003-04,12/3/2003,0,2,0,0,0,0,0,0,0,0,0,0,0,0,0,0,0,0,0
CUVE,2003-04,12/21/2003,0,2,0,0,0,0,0,0,0,2,0,0,0,0,0,0,0,0,0
CUVE,2003-04,1/1/2004,1,2,2,2,0,2,1,0,0,2,2,0,0,2,0,2,0,0,2
CUVE,2003-04,1/11/2004,0,2,0,0,0,0,0,0,0,0,0,0,0,0,0,0,0,0,0
DETA,2003-04,1/3/2004,2,2,0,2,0,0,0,0,0,0,2,0,0,0,0,0,0,2,0
DUFF,2003-04,2/8/2004,0,0,0,1,0,1,0,1,0,0,2,0,0,0,0,0,0,1,0
GIBB,2003-04,2/19/2004,0,0,0,0,0,0,0,2,0,0,0,0,0,0,0,0,0,0,0
HANS,2003-04,12/17/2003,2,0,0,2,0,2,0,0,0,0,0,0,0,0,0,0,0,0,0
HOVG,2003-04,1/27/2004,0,0,0,0,0,0,0,0,0,2,0,0,0,0,0,0,0,0,0
JOUG,2003-04,12/1/2003,0,2,0,1,0,0,0,0,0,2,2,0,0,1,0,0,0,0,0
JOUG,2003-04,1/5/2004,1,2,0,2,0,0,0,0,0,2,2,0,0,2,0,0,0,0,0
JOUG,2003-04,2/16/2004,0,2,0,0,0,0,0,0,0,2,0,0,0,0,0,0,0,0,0
MITC,2003-04,2/8/2004,0,0,0,2,0,2,0,0,0,0,0,0,0,0,0,0,0,0,2
NEKO,2003-04,12/21/2003,0,0,0,2,0,0,0,0,0,2,2,0,0,0,0,0,0,2,0
NEKO,2003-04,12/31/2003,0,1,0,2,0,2,0,0,0,2,2,0,0,0,0,0,0,0,1
NEKO,2003-04,2/6/2004,0,0,0,0,0,0,0,0,0,2,0,0,0,0,0,0,0,0,0
PCHA,2003-04,1/25/2004,0,2,0,0,0,0,0,0,0,0,0,0,0,0,0,0,0,0,0
PCHA,2003-04,2/5/2004,2,0,0,0,0,0,0,2,0,2,0,0,0,0,0,0,0,0,0
PETE,2003-04,1/1/2004,2,2,1,2,0,2,1,1,0,2,2,0,0,0,0,2,0,2,1
PETE,2003-04,2/15/2004,0,2,0,0,0,0,0,0,0,2,0,0,0,0,0,0,0,0,0
PLEN,2003-04,12/22/2003,2,2,0,2,0,0,0,0,0,2,2,0,0,0,0,0,0,2,0
PLEN,2003-04,1/4/2004,2,2,1,2,0,0,0,0,0,2,1,0,0,2,0,0,0,0,1
PLEN,2003-04,1/15/2004,0,2,2,2,0,2,0,0,0,0,2,0,0,0,0,0,0,0,0
PRIE,2003-04,2/6/2004,0,2,0,0,0,0,0,0,0,0,0,0,0,0,0,0,0,0,0
SAND,2003-04,11/28/2003,0,0,0,1,0,1,1,2,0,0,0,0,1,0,1,1,2,0,1
SHIN,2003-04,12/17/2003,2,0,0,2,1,2,2,0,0,0,0,0,0,0,2,0,0,0,2
SPIN,2003-04,11/28/2003,0,0,0,1,0,1,1,2,0,0,0,0,1,0,1,1,2,0,1
WHAL,2003-04,1/11/2004,0,2,0,0,0,0,0,1,0,1,2,0,0,0,0,0,0,0,0
YALO,2003-04,11/30/2003,2,2,0,0,0,0,0,0,0,0,0,0,0,0,0,0,0,0,0
YALO,2003-04,1/4/2004,2,2,0,2,0,0,0,0,0,0,1,0,0,2,0,0,0,0,0
YALO,2003-04,1/27/2004,2,2,0,0,0,0,0,0,0,0,0,0,0,0,0,0,0,0,0
YALO,2003-04,1/30/2004,2,2,0,0,0,0,0,0,0,0,0,0,0,0,0,0,0,0,0
YANK,2003-04,12/20/2003,0,0,0,0,0,0,0,0,0,2,0,0,0,0,0,0,0,0,0
AITC,2004-05,1/10/2005,0,0,2,2,0,2,2,2,0,2,2,0,2,0,0,2,0,2,1
AITC,2004-05,1/21/2005,0,1,1,2,0,2,1,2,0,2,2,0,2,0,0,1,0,0,1
ALMI,2004-05,12/14/2004,0,2,0,0,0,0,0,0,0,0,0,0,0,0,0,0,0,0,0
ALMI,2004-05,12/21/2004,0,2,1,1,0,1,0,0,0,0,2,0,0,0,0,1,0,1,1
ALMI,2004-05,1/14/2005,0,2,0,0,0,0,0,0,0,0,0,0,0,0,0,0,0,0,0
BAIL,2004-05,12/12/2004,0,0,1,1,0,0,2,2,0,0,1,1,0,1,0,2,0,0,0
BAIL,2004-05,1/13/2005,0,1,0,2,0,2,2,2,0,0,1,0,0,0,0,2,0,0,1
BROW,2004-05,11/25/2004,0,0,0,0,0,0,0,0,0,2,0,0,0,0,0,0,0,0,0
BROW,2004-05,12/11/2004,2,0,0,1,0,1,2,0,0,2,2,0,0,0,2,0,0,0,2
BROW,2004-05,12/24/2004,0,0,0,2,0,2,2,0,0,2,2,0,0,0,2,0,0,0,1
BROW,2004-05,12/31/2004,2,0,1,2,0,2,2,0,0,0,2,0,0,0,0,2,0,0,1
BROW,2004-05,1/11/2005,2,0,1,2,0,2,2,0,0,2,2,0,0,0,2,0,0,0,1
BROW,2004-05,1/22/2005,0,0,0,2,0,2,2,0,0,0,2,0,1,0,2,1,0,0,0
BRYS,2004-05,1/3/2005,0,0,0,1,0,0,0,0,0,2,1,0,0,0,0,0,0,1,1
CUVE,2004-05,12/13/2004,0,2,0,2,0,0,0,0,0,0,0,0,0,2,0,1,0,2,0
CUVE,2004-05,1/14/2005,0,2,0,2,0,2,0,0,0,0,1,0,0,0,0,0,0,2,0
DAMO,2004-05,1/4/2005,0,0,2,2,0,2,0,0,0,2,2,0,0,2,0,0,0,2,0
DEVI,2004-05,12/31/2004,2,0,1,2,0,0,0,0,0,0,2,0,0,0,0,0,0,2,0
DEVI,2004-05,1/11/2005,0,0,0,2,0,2,0,0,0,0,2,0,0,0,0,0,0,2,1
DEVI,2004-05,1/23/2005,2,0,0,2,0,2,0,0,0,0,1,0,1,0,0,0,0,2,1
DOBE,2004-05,1/15/2005,0,1,0,0,0,0,0,0,0,2,0,0,0,0,0,0,0,0,0
ENTE,2004-05,12/22/2004,0,2,2,0,0,0,0,0,0,0,2,0,0,0,0,1,0,0,1
GEOR,2004-05,12/20/2004,0,0,1,1,0,1,0,2,0,2,1,0,1,0,0,1,0,0,1
GEOR,2004-05,1/14/2005,0,1,0,2,0,2,0,0,0,0,1,0,0,0,0,0,0,0,0
GOUR,2004-05,12/25/2004,0,0,0,1,0,1,0,0,0,0,1,0,0,0,0,1,0,0,0
HANN,2004-05,12/23/2004,0,2,0,2,0,2,2,2,0,2,2,2,2,0,0,2,0,0,1
HANN,2004-05,1/2/2005,0,2,2,2,0,2,2,0,0,0,2,2,2,0,0,2,0,0,1
JOUG,2004-05,12/13/2004,0,2,0,0,0,0,0,0,0,0,0,0,0,0,0,0,0,0,0
JOUG,2004-05,12/20/2004,0,2,1,1,0,1,0,0,0,2,2,0,0,0,0,1,0,1,2
JOUG,2004-05,1/16/2005,0,2,0,1,0,1,0,0,0,0,2,0,0,0,0,0,0,0,1
MADD,2004-05,1/12/2005,2,1,1,1,0,1,1,0,0,2,2,0,0,0,1,2,0,0,1
NEKO,2004-05,12/4/2004,0,0,0,0,0,0,0,0,0,2,0,0,0,0,0,0,0,0,0
NEKO,2004-05,12/14/2004,0,0,0,2,0,0,0,0,0,2,2,0,0,2,0,0,0,0,0
NEKO,2004-05,12/22/2004,0,0,0,2,0,0,1,0,0,0,1,0,1,0,0,0,0,2,1
NEKO,2004-05,1/14/2005,0,0,1,2,0,0,0,0,0,2,1,0,0,0,0,0,0,2,0
PAUL,2004-05,12/11/2004,2,2,0,1,0,1,2,0,0,0,1,0,0,1,2,2,0,0,2
PAUL,2004-05,12/24/2004,2,2,0,1,0,1,0,0,0,0,1,0,0,0,0,1,0,1,1
PAUL,2004-05,1/22/2005,2,2,0,1,0,1,0,0,0,0,1,0,1,0,0,2,0,1,0
PLEN,2004-05,1/4/2005,0,2,0,2,0,2,0,0,0,2,1,0,0,1,0,1,0,1,0
SNOW,2004-05,1/1/2005,0,0,1,0,0,0,0,0,0,0,2,0,0,0,0,0,0,0,0
USEF,2004-05,1/3/2005,0,2,2,2,0,2,0,2,0,2,2,0,0,0,0,1,0,2,0
WATE,2004-05,12/4/2004,0,0,0,0,0,0,0,0,0,2,0,0,0,0,0,0,0,0,0
WATE,2004-05,1/3/2005,0,0,0,1,0,1,0,0,0,2,2,0,0,0,0,1,0,0,1
WHAL,2004-05,12/12/2004,0,0,0,0,0,0,2,0,0,0,2,0,0,0,0,0,0,0,0
WHAL,2004-05,12/23/2004,0,0,0,1,0,1,0,0,0,0,2,0,0,0,0,0,0,1,1
WHAL,2004-05,1/2/2005,0,0,1,2,0,1,1,0,0,0,2,0,0,1,0,0,0,2,0
WHAL,2004-05,1/13/2005,0,2,0,1,0,1,0,0,0,0,2,0,0,0,0,0,0,0,0
AITC,2005-06,11/18/2005,0,0,1,1,0,1,0,2,0,2,2,0,2,0,0,1,0,0,0
AITC,2005-06,11/29/2005,0,0,1,1,0,1,1,2,0,1,1,0,2,1,0,1,1,0,0
AITC,2005-06,12/31/2005,0,0,1,2,0,2,0,2,0,2,NA,1,2,0,0,2,0,0,0
AITC,2005-06,1/11/2006,0,1,2,2,0,0,2,2,0,2,0,0,2,2,0,2,0,0,0
AITC,2005-06,1/22/2006,0,1,2,2,0,2,2,2,0,2,2,0,2,0,0,2,0,1,2
ALMI,2005-06,12/2/2005,0,2,0,1,0,0,1,0,0,1,1,0,0,1,0,1,0,0,1
ALMI,2005-06,1/16/2006,0,2,2,0,0,0,0,0,0,2,0,0,0,0,0,2,0,0,0
ALMI,2005-06,2/6/2006,0,2,2,2,0,0,2,0,0,2,2,0,0,0,0,2,0,2,0
BAIL,2005-06,11/21/2005,0,0,0,1,0,1,2,2,0,0,1,0,1,0,0,2,0,0,0
BAIL,2005-06,12/1/2005,0,0,0,1,0,1,1,2,0,1,1,0,0,0,0,1,0,0,0
BAIL,2005-06,12/23/2005,0,0,0,2,0,2,2,2,0,0,0,0,0,0,0,1,0,0,1
BAIL,2005-06,1/3/2006,0,0,0,2,0,2,2,2,0,0,0,0,0,0,0,2,0,0,0
BAIL,2005-06,1/14/2006,0,1,2,2,0,2,2,2,0,0,2,0,1,0,0,2,0,0,1
BAIL,2005-06,1/25/2006,0,0,0,2,0,2,2,2,0,0,2,0,0,0,0,2,0,2,1
BELS,2005-06,12/21/2005,0,0,0,2,0,2,2,2,0,0,0,2,1,0,0,2,0,0,1
BROW,2005-06,11/20/2005,0,0,0,1,0,1,1,0,0,0,1,0,0,0,1,0,0,0,0
BROW,2005-06,12/22/2005,2,1,0,2,0,0,2,0,0,2,2,0,1,2,2,0,1,0,1
BROW,2005-06,1/1/2006,2,1,2,2,0,2,1,0,0,2,2,0,1,0,2,0,0,2,0
BROW,2005-06,1/13/2006,2,1,2,NA,0,2,2,1,0,2,2,0,1,0,2,1,0,NA,2
CECI,2005-06,1/11/2006,0,1,2,2,0,2,0,2,0,0,2,0,2,0,0,0,0,2,2
CRYS,2005-06,1/23/2006,1,0,1,2,0,0,0,0,0,0,2,0,0,0,0,0,0,2,0
CUVE,2005-06,11/22/2005,0,2,1,2,0,2,0,0,0,1,2,0,0,0,0,0,0,2,0
CUVE,2005-06,12/2/2005,0,1,1,1,0,1,0,1,0,2,0,0,0,0,0,1,1,0,1
CUVE,2005-06,12/26/2005,0,2,2,2,0,0,0,0,0,2,0,0,0,2,0,0,0,0,0
CUVE,2005-06,2/5/2006,0,2,2,2,0,2,0,0,0,2,2,0,0,0,0,0,0,2,0
DAMO,2005-06,12/26/2005,0,1,2,2,0,0,1,0,0,2,2,0,0,0,0,0,0,2,0
DAMO,2005-06,1/17/2006,0,0,0,1,0,0,0,0,0,2,0,0,0,0,0,0,0,1,0
DAMO,2005-06,2/5/2006,0,0,2,2,0,0,0,0,0,2,2,0,0,0,0,0,0,2,0
DEVI,2005-06,11/19/2005,0,0,NA,1,0,1,1,0,0,1,1,0,0,0,1,0,0,0,1
DEVI,2005-06,1/12/2006,2,0,2,2,0,2,0,0,0,0,2,0,0,0,0,0,0,2,1
DOBE,2005-06,12/26/2005,0,0,0,0,0,0,0,0,0,2,0,0,0,0,0,0,0,0,0
DOBE,2005-06,2/5/2006,0,0,0,1,0,0,0,0,0,2,0,0,0,0,0,0,0,1,0
DURV,2005-06,1/24/2006,2,1,2,2,0,0,0,1,0,2,2,0,0,2,0,2,0,0,0
ENTR,2005-06,12/23/2005,0,0,2,1,0,0,2,2,0,0,2,0,1,1,0,0,0,0,0
ENTR,2005-06,1/25/2006,0,0,0,0,0,0,0,2,0,0,0,0,0,0,0,0,0,0,0
FALS,2005-06,1/12/2006,0,0,2,2,0,0,0,0,0,0,2,0,0,0,1,0,0,2,1
GEOR,2005-06,12/26/2005,0,0,1,2,0,0,0,2,0,2,2,0,0,0,0,2,0,2,1
GEOR,2005-06,2/5/2006,0,0,2,2,0,2,0,2,0,2,2,0,0,0,0,2,0,2,0
HERO,2005-06,2/3/2006,2,0,2,2,0,2,2,1,0,2,2,0,1,0,0,2,0,1,0
JOUG,2005-06,12/26/2005,1,2,1,2,0,0,0,0,0,2,0,0,0,0,0,0,0,2,0
JOUG,2005-06,1/6/2006,0,0,2,2,0,0,0,0,0,2,2,0,0,0,0,0,0,2,0
JOUG,2005-06,1/27/2006,0,2,2,2,0,0,0,0,0,2,2,0,0,0,0,2,0,2,0
MOOT,2005-06,11/24/2005,0,0,0,0,0,0,0,0,0,2,0,0,0,0,0,0,0,0,0
NEKO,2005-06,11/22/2005,1,0,0,1,0,1,0,1,0,2,2,0,0,0,0,1,0,0,0
NEKO,2005-06,12/3/2005,0,0,0,2,0,0,0,0,0,2,2,0,0,2,0,0,0,0,0
NEKO,2005-06,1/5/2006,0,0,0,2,0,2,0,0,0,2,2,0,0,0,0,0,0,0,0
NEKO,2005-06,1/28/2006,0,0,2,2,0,0,0,0,0,2,0,0,0,0,0,0,0,2,0
ORNE,2005-06,11/22/2005,0,0,0,1,0,0,0,2,0,2,2,0,0,0,0,0,0,1,0
ORNE,2005-06,2/5/2006,0,0,2,2,0,0,0,2,0,1,2,0,0,0,0,2,0,2,0
PAUL,2005-06,11/20/2005,2,2,0,1,0,1,1,0,0,0,0,0,0,0,1,1,0,0,1
PAUL,2005-06,1/2/2006,2,2,0,2,0,2,0,0,0,0,0,0,0,0,0,2,0,2,0
PAUL,2005-06,1/13/2006,2,2,2,2,0,2,0,0,0,0,2,0,1,0,0,2,0,2,1
PAUL,2005-06,1/24/2006,2,2,0,1,0,1,0,1,0,1,2,0,1,1,1,2,0,1,0
PAUL,2005-06,2/3/2006,2,2,2,2,0,2,1,0,0,0,2,0,1,0,0,2,0,2,1
PCHA,2005-06,1/4/2006,2,2,2,1,0,0,0,2,1,2,0,0,0,0,0,0,0,1,0
PCHA,2005-06,1/16/2006,2,1,0,2,0,0,0,2,1,2,2,0,0,0,0,0,0,2,0
PCHA,2005-06,1/26/2006,2,1,0,2,0,0,0,2,1,2,0,0,0,0,0,2,0,2,0
PLEN,2005-06,1/26/2006,0,0,2,2,0,0,0,0,0,2,2,0,0,0,0,2,0,2,0
PRES,2005-06,11/21/2005,0,0,2,2,0,2,1,2,0,1,2,0,2,0,0,0,0,0,0
SAND,2005-06,12/20/2005,1,1,0,2,0,2,1,2,0,0,0,0,1,0,0,1,0,0,0
SAXU,2005-06,12/22/2005,2,0,0,1,0,0,0,0,0,2,2,0,1,1,0,0,0,0,0
SNOW,2005-06,1/23/2006,0,0,1,1,0,0,0,0,0,0,1,0,0,0,0,0,0,1,0
WHAL,2005-06,12/23/2005,0,2,0,0,0,0,0,0,0,0,0,0,0,0,0,0,0,0,0
WHAL,2005-06,2/4/2006,0,2,2,1,0,1,2,1,0,1,2,0,0,0,0,0,0,1,0
ACTI,2006-07,12/21/2006,0,2,0,0,0,0,0,0,0,0,0,0,0,0,0,0,0,0,0
AITC,2006-07,11/18/2006,0,0,2,2,0,2,2,2,0,2,1,0,2,2,0,2,0,2,1
AITC,2006-07,12/20/2006,1,0,2,2,0,2,2,2,0,2,1,0,2,0,0,2,0,0,0
AITC,2006-07,12/31/2006,0,2,0,2,0,2,0,2,0,2,1,0,2,0,0,2,0,0,0
AITC,2006-07,1/11/2007,0,0,0,1,0,1,0,2,0,2,0,0,2,1,0,1,0,0,0
AITC,2006-07,2/13/2007,0,1,0,1,0,1,0,2,0,2,2,1,2,0,0,2,0,0,0
ALMI,2006-07,11/19/2006,0,2,0,0,0,0,0,0,0,2,0,0,0,0,0,2,0,0,0
ALMI,2006-07,11/22/2006,0,2,0,0,0,0,0,0,0,0,0,0,0,0,0,0,0,0,0
ALMI,2006-07,2/16/2007,0,2,0,0,0,0,0,0,0,0,0,0,0,0,0,0,0,0,0
BAIL,2006-07,11/21/2006,0,0,0,2,0,2,2,2,0,0,1,0,1,1,0,2,0,0,0
BAIL,2006-07,12/12/2006,0,0,2,2,0,2,2,2,0,1,1,0,0,0,0,2,0,0,0
BAIL,2006-07,1/3/2007,0,0,0,2,0,0,1,2,0,1,0,0,1,2,0,2,0,0,0
BAIL,2006-07,1/14/2007,0,0,0,2,0,2,0,2,0,0,1,0,0,0,0,0,0,0,0
BAIL,2006-07,1/25/2007,0,0,1,1,0,1,2,2,0,0,1,0,1,0,0,1,0,1,0
BAIL,2006-07,2/17/2007,0,0,0,2,0,0,2,2,0,0,0,0,1,2,0,1,0,0,0
BENE,2006-07,11/22/2006,0,2,0,2,0,2,0,0,0,2,2,0,0,0,0,2,0,0,0
BENE,2006-07,12/13/2006,0,2,0,0,0,0,0,0,0,2,0,0,0,0,0,0,0,0,0
BERT,2006-07,12/25/2006,2,0,2,2,0,0,0,0,0,0,0,0,0,0,0,0,0,2,0
BERT,2006-07,1/16/2007,2,0,0,2,0,2,0,0,0,0,0,0,0,0,0,0,0,2,0
BRIT,2006-07,1/22/2007,0,1,1,1,0,1,2,2,0,2,1,1,1,0,0,2,0,0,0
BROW,2006-07,11/19/2006,2,1,1,2,0,2,2,0,0,2,2,0,1,1,2,2,0,0,1
BROW,2006-07,12/21/2006,2,1,1,2,0,2,2,1,0,2,2,0,1,0,2,0,0,0,0
BROW,2006-07,1/24/2007,2,2,0,1,0,0,2,0,0,2,2,0,0,1,2,0,0,0,0
BRYC,2006-07,12/24/2006,0,0,2,2,0,0,0,0,0,0,2,0,0,2,0,0,0,0,0
BRYE,2006-07,12/24/2006,0,1,1,1,0,0,0,0,0,2,2,0,0,1,0,0,0,0,0
BRYS,2006-07,12/24/2006,0,1,1,1,0,0,0,0,0,2,2,0,0,1,0,0,0,0,0
COCK,2006-07,11/19/2006,NA,2,NA,NA,NA,NA,NA,NA,NA,NA,NA,NA,NA,NA,NA,NA,0,NA,0
CUVE,2006-07,11/22/2006,0,2,0,0,0,0,0,0,0,0,0,0,0,0,0,0,0,0,0
CUVE,2006-07,1/4/2007,0,0,2,2,0,0,0,0,0,2,2,0,0,2,0,0,0,0,0
CUVE,2006-07,1/15/2007,0,0,0,2,0,0,0,0,0,2,0,0,0,2,0,0,0,0,0
DANC,2006-07,12/8/2006,0,0,0,0,0,0,0,0,0,2,0,0,0,0,0,0,0,0,0
DEVI,2006-07,12/22/2006,2,0,0,2,0,2,0,0,0,0,1,0,0,2,0,0,0,2,0
DEVI,2006-07,1/2/2007,2,0,0,1,0,0,0,0,0,0,1,0,0,1,0,0,0,0,0
DEVI,2006-07,1/13/2007,2,0,0,2,0,2,0,0,0,0,0,0,0,0,0,0,0,0,0
DEVI,2006-07,1/24/2007,2,0,0,2,0,2,0,1,0,0,1,0,0,0,0,0,0,0,0
EAGL,2006-07,1/2/2007,1,0,2,2,0,0,0,0,0,1,2,0,1,2,0,0,0,2,0
ECKE,2006-07,12/13/2006,0,2,2,2,0,0,0,2,0,1,2,0,0,2,0,2,0,0,0
ENTE,2006-07,12/13/2006,0,2,1,1,0,0,0,0,0,0,2,0,0,1,0,0,0,0,0
ENTR,2006-07,11/21/2006,0,0,2,2,0,2,2,2,0,1,2,1,1,0,0,0,0,0,0
EYRI,2006-07,1/13/2007,0,0,1,1,0,1,0,0,0,0,1,0,1,0,0,0,0,0,0
GEOR,2006-07,11/22/2006,0,0,0,1,0,1,0,2,0,2,2,0,0,0,0,2,0,0,0
GEOR,2006-07,1/26/2007,0,0,1,2,0,0,0,2,0,2,1,0,0,0,0,2,0,2,0
GEOR,2006-07,2/14/2007,0,0,0,1,0,1,0,2,0,2,1,0,0,0,0,1,0,1,0
GLAN,2006-07,12/25/2006,NA,NA,NA,NA,NA,NA,NA,NA,NA,2,NA,NA,NA,NA,NA,NA,0,NA,0
GREI,2006-07,12/25/2006,0,2,0,0,0,0,0,0,0,0,0,0,0,0,0,0,0,0,0
HERO,2006-07,1/23/2007,2,1,0,2,0,2,2,0,0,2,2,0,1,0,0,2,0,0,0
HUMP,2006-07,12/25/2006,NA,NA,NA,NA,NA,NA,NA,NA,NA,2,NA,NA,NA,NA,NA,NA,0,NA,0
JOUG,2006-07,11/22/2006,0,2,2,2,0,2,0,0,0,2,2,0,0,0,0,2,0,0,0
JOUG,2006-07,1/6/2007,0,2,2,2,0,0,0,0,0,2,2,0,1,2,0,0,0,0,0
JOUG,2006-07,1/28/2007,0,2,0,0,0,0,0,0,0,2,0,0,0,0,0,0,0,0,0
JOUG,2006-07,2/16/2007,0,2,2,2,0,0,0,0,0,2,2,0,0,2,0,0,0,0,0
LOUB,2006-07,12/25/2006,NA,NA,NA,NA,NA,NA,NA,NA,NA,2,NA,NA,NA,NA,NA,NA,0,NA,0
MELC,2006-07,11/24/2006,0,1,0,1,0,0,0,1,0,1,1,0,0,1,0,0,0,0,0
MOOT,2006-07,11/25/2006,0,0,0,0,0,0,0,0,0,2,0,0,0,0,0,0,0,0,0
MOOT,2006-07,12/25/2006,0,0,1,0,0,0,0,0,0,2,2,0,0,0,0,1,0,0,0
NEKO,2006-07,12/13/2006,0,0,1,1,0,0,0,0,0,2,2,0,0,1,1,1,0,0,0
NEKO,2006-07,1/4/2007,0,0,0,2,0,2,0,0,0,2,2,0,0,0,0,0,0,0,0
NEKO,2006-07,2/14/2007,0,0,0,2,0,0,0,0,0,2,1,0,0,2,0,0,0,0,0
ORNE,2006-07,1/26/2007,0,0,1,2,0,2,0,2,0,2,2,0,0,0,0,0,0,2,0
ORNE,2006-07,2/14/2007,0,1,0,2,0,0,0,2,0,2,1,0,0,2,0,1,0,0,0
PABE,2006-07,12/24/2006,0,0,0,0,0,0,0,0,0,2,0,0,1,0,0,0,0,0,0
PAUL,2006-07,11/19/2006,2,2,0,2,0,2,0,0,0,1,1,0,0,0,0,2,0,0,0
PAUL,2006-07,1/1/2007,2,2,0,2,0,0,0,1,0,1,0,0,0,2,2,2,0,0,0
PAUL,2006-07,1/12/2007,2,0,0,1,0,1,0,1,0,0,1,0,1,0,0,0,0,0,0
PAUL,2006-07,2/18/2007,2,2,0,2,0,0,0,1,0,1,2,0,0,2,0,1,0,0,0
PCHA,2006-07,12/14/2006,2,2,2,2,0,0,0,2,0,2,2,0,0,2,0,2,0,0,0
PCHA,2006-07,2/15/2007,2,2,1,2,0,0,0,2,0,2,0,0,0,0,0,1,0,2,0
PEPO,2006-07,12/22/2006,2,0,2,2,0,2,0,0,0,1,2,0,1,2,0,0,0,2,0
PETE,2006-07,1/5/2007,2,2,0,2,0,0,0,0,0,2,0,0,0,0,0,0,0,2,0
PETE,2006-07,2/15/2007,2,2,0,2,0,0,0,0,0,2,0,0,0,2,0,1,0,0,0
PLEN,2006-07,12/14/2006,0,2,1,2,0,0,0,0,0,2,1,0,0,2,0,0,0,0,0
PLEN,2006-07,1/5/2007,0,2,1,2,0,0,0,0,0,2,1,0,0,2,0,0,0,0,0
SHIN,2006-07,12/9/2006,2,0,0,2,0,2,2,0,0,0,1,0,0,0,2,0,0,0,0
SHIN,2006-07,2/20/2007,2,0,1,2,0,0,0,1,0,1,1,0,1,2,0,0,0,0,0
STON,2006-07,2/6/2007,1,2,1,2,0,0,0,0,0,0,1,0,0,0,0,0,0,2,0
TAYH,2006-07,12/21/2006,2,1,2,2,0,2,0,1,0,1,2,0,1,0,0,2,0,0,0
WHAL,2006-07,12/12/2006,0,0,2,2,0,0,0,0,0,1,2,0,1,2,0,0,0,0,0
WHAL,2006-07,1/3/2007,0,0,2,2,0,0,2,1,0,1,2,0,0,2,0,0,0,0,0
WHAL,2006-07,1/14/2007,0,0,1,0,0,0,0,0,0,0,2,0,0,0,0,0,0,0,0
WHAL,2006-07,2/17/2007,0,0,0,2,0,0,0,0,0,0,2,0,0,2,0,0,0,0,0
WILD,2006-07,12/10/2006,0,0,1,1,0,1,2,2,0,0,0,0,1,0,1,1,0,0,0
YALO,2006-07,11/25/2006,2,2,0,0,0,0,0,0,0,0,0,0,0,0,0,0,0,0,0
YALO,2006-07,12/25/2006,2,2,2,2,0,2,0,0,0,2,2,0,0,0,0,0,0,2,0
AITC,2007-08,11/11/2007,1,0,1,1,0,1,2,2,0,2,1,0,2,1,0,2,0,0,0
AITC,2007-08,11/22/2007,1,0,2,2,0,2,0,2,0,2,2,0,2,2,0,1,0,0,0
AITC,2007-08,12/3/2007,1,1,2,2,0,0,2,2,0,2,2,0,2,2,0,1,0,0,0
AITC,2007-08,2/7/2008,0,0,1,1,0,0,0,2,0,2,0,1,2,1,0,1,0,1,0
ALMI,2007-08,11/17/2007,0,2,0,0,0,0,0,0,0,0,0,0,0,0,0,0,0,0,0
ALMI,2007-08,11/24/2007,0,2,0,0,0,0,0,0,0,0,0,0,0,0,0,0,0,0,0
ALMI,2007-08,12/26/2007,0,2,0,0,0,0,0,0,0,2,0,0,0,0,0,0,0,0,0
ALMI,2007-08,1/6/2008,0,2,0,0,0,0,0,0,0,0,0,0,0,0,0,0,0,0,0
ALMI,2007-08,1/8/2008,0,2,0,0,0,0,0,0,0,2,0,0,0,0,0,1,0,0,0
ANDI,2007-08,12/7/2007,2,2,2,2,0,0,0,1,0,0,1,0,1,1,1,0,0,2,0
ANDR,2007-08,12/7/2007,2,2,0,0,0,0,0,0,0,0,1,0,0,0,0,0,0,0,0
AVIA,2007-08,12/16/2007,2,2,2,2,0,0,0,1,0,0,2,0,2,2,1,0,1,2,0
BAIL,2007-08,11/13/2007,0,0,1,1,0,1,2,2,0,0,1,0,1,1,0,1,0,1,0
BAIL,2007-08,12/25/2007,0,0,0,2,0,2,2,2,0,1,0,0,0,2,0,1,0,0,0
BAIL,2007-08,1/5/2008,0,0,0,2,0,1,2,2,0,0,1,0,0,2,0,2,0,0,0
BENE,2007-08,12/26/2007,0,2,2,2,0,0,0,0,0,2,2,0,0,0,0,2,0,2,2
BONG,2007-08,1/8/2008,2,2,0,2,0,0,0,0,0,0,1,0,0,0,2,0,2,2,2
BRIT,2007-08,1/27/2008,0,1,0,1,0,0,1,2,0,2,0,2,1,1,0,1,0,0,1
BROW,2007-08,1/18/2008,2,0,0,1,0,0,0,0,0,2,2,0,1,1,0,0,0,0,2
BROW,2007-08,1/28/2008,2,0,0,1,0,1,1,0,0,2,2,0,0,0,2,0,0,0,0
CIER,2007-08,11/14/2007,0,1,1,2,0,0,2,0,0,2,2,0,0,2,0,2,0,2,0
CUVE,2007-08,11/15/2007,1,0,1,2,0,2,0,0,0,2,1,0,0,2,0,0,0,2,0
CUVE,2007-08,12/15/2007,0,2,0,2,0,2,0,0,0,2,1,0,0,2,0,2,0,0,0
CUVE,2007-08,12/26/2007,0,2,0,0,0,0,0,0,0,2,2,0,0,0,0,0,0,0,0
CUVE,2007-08,1/30/2008,0,2,1,1,0,0,0,0,0,2,0,0,0,1,0,1,0,0,0
DAMO,2007-08,12/6/2007,1,0,2,1,0,0,0,0,0,2,1,0,1,1,1,0,0,1,0
DANC,2007-08,11/25/2007,0,0,0,1,0,0,0,0,0,2,1,0,0,1,0,1,0,0,0
DETA,2007-08,12/7/2007,2,2,1,2,0,0,0,1,0,0,1,0,0,2,0,0,0,1,0
DETA,2007-08,12/29/2007,2,2,2,2,0,0,0,0,0,0,2,0,0,0,0,0,0,2,0
DOBE,2007-08,12/19/2007,0,0,0,1,0,0,0,1,0,2,0,0,0,1,0,0,0,0,0
DOBE,2007-08,2/22/2008,0,0,0,0,0,0,0,0,0,2,0,0,0,0,0,0,0,0,0
ENTE,2007-08,1/30/2008,0,2,0,0,0,0,0,0,0,0,0,0,0,0,0,0,0,0,0
FISH,2007-08,12/18/2007,2,2,0,2,0,0,0,0,1,1,2,0,0,0,0,1,0,2,0
FISH,2007-08,2/11/2008,2,2,1,2,0,0,0,0,0,0,2,0,0,2,0,0,0,0,0
GEOR,2007-08,1/6/2008,0,0,0,2,0,2,1,2,0,2,2,0,1,0,0,2,0,0,2
GEOR,2007-08,2/10/2008,0,1,0,1,0,0,0,2,0,2,1,0,1,1,0,2,0,0,0
GLAN,2007-08,2/19/2008,0,0,0,0,0,0,0,0,0,2,0,0,0,0,0,0,0,0,0
HALF,2007-08,11/23/2007,0,2,2,1,0,1,0,2,0,1,2,0,1,1,0,1,0,0,0
HALF,2007-08,12/14/2007,1,2,2,2,0,2,0,2,0,1,2,1,0,0,0,2,0,0,0
HALF,2007-08,1/16/2008,0,1,2,1,0,1,0,2,0,1,2,0,0,0,0,1,0,0,1
HUMP,2007-08,2/19/2008,0,0,0,0,0,0,0,0,0,2,0,0,0,0,0,0,0,0,0
HYDR,2007-08,2/13/2008,0,2,0,0,0,0,0,2,0,0,2,0,0,0,0,1,0,0,0
JENN,2007-08,12/27/2007,1,0,0,2,0,0,0,0,0,0,2,0,0,2,0,0,0,0,0
JENN,2007-08,1/7/2008,0,2,0,2,0,0,0,0,0,0,2,0,1,0,0,0,0,2,1
JOUG,2007-08,11/25/2007,0,2,2,2,0,2,0,1,0,2,2,0,0,2,0,1,0,0,1
JOUG,2007-08,1/11/2008,0,2,1,2,0,2,0,0,0,2,2,0,0,2,0,2,0,0,0
JOUG,2007-08,1/22/2008,0,2,1,0,0,0,0,0,0,2,0,0,0,0,0,1,0,0,0
JOUG,2007-08,2/2/2008,0,2,1,1,0,0,0,1,0,2,0,0,0,1,0,1,0,1,0
KETL,2007-08,12/9/2007,0,2,0,0,0,0,0,2,0,2,1,0,1,0,0,1,0,0,0
LOUB,2007-08,2/19/2008,0,0,0,0,0,0,0,0,0,2,0,0,0,0,0,0,0,0,0
MIKK,2007-08,11/14/2007,0,1,2,1,0,0,2,0,0,2,2,0,1,1,0,2,0,1,0
MIKK,2007-08,1/19/2008,0,0,0,1,0,0,0,0,0,2,0,0,0,1,0,0,0,0,0
MIKK,2007-08,1/29/2008,0,0,0,1,0,0,0,1,0,2,0,0,0,1,0,0,0,0,0
MOOT,2007-08,2/12/2008,0,0,0,0,0,0,0,0,0,2,0,0,0,0,0,0,0,0,0
NEKO,2007-08,11/17/2007,0,0,1,1,0,0,0,0,0,2,2,0,0,1,0,1,0,1,0
NEKO,2007-08,11/27/2007,1,0,0,2,0,2,0,0,0,2,2,0,0,0,0,0,0,0,0
ORNE,2007-08,12/15/2007,0,0,0,2,0,2,0,2,0,2,0,0,0,2,0,2,0,2,0
ORNE,2007-08,1/30/2008,0,0,0,1,0,0,0,2,0,2,0,0,0,1,0,0,0,0,0
PAUL,2007-08,1/17/2008,2,2,0,0,0,0,0,1,0,0,0,0,1,0,0,0,0,0,0
PAUL,2007-08,1/28/2008,2,2,0,1,0,0,0,0,0,0,1,0,1,1,0,2,0,0,1
PCHA,2007-08,12/30/2007,2,2,0,1,0,0,0,2,0,2,0,0,0,1,0,1,0,0,0
PCHA,2007-08,1/20/2008,2,2,0,1,0,0,0,2,0,2,0,0,0,0,0,1,0,1,0
PENG,2007-08,1/18/2008,2,0,1,1,0,1,0,2,0,0,1,0,2,1,0,0,0,1,1
PLEN,2007-08,1/10/2008,0,2,2,2,0,0,0,1,0,2,2,0,0,2,0,2,0,2,0
PLEN,2007-08,2/1/2008,0,2,1,1,0,0,0,0,0,2,1,0,0,0,0,1,0,1,1
PRES,2007-08,11/28/2007,0,1,2,2,0,0,1,2,0,1,2,0,2,2,0,0,0,0,0
PROS,2007-08,12/8/2007,0,1,0,1,0,0,0,0,0,0,2,0,0,1,1,0,0,0,0
PROS,2007-08,1/9/2008,0,0,0,0,0,0,0,0,0,0,0,0,0,0,0,0,0,0,0
RONE,2007-08,12/26/2007,0,0,0,2,0,2,0,0,0,2,2,0,0,0,0,0,0,1,0
RONE,2007-08,2/19/2008,0,0,0,1,0,0,0,0,0,2,0,0,0,1,0,1,0,0,0
RRRI,2007-08,12/28/2007,2,2,2,2,0,0,0,0,0,0,0,0,0,2,0,0,0,0,0
SELV,2007-08,12/15/2007,0,0,0,0,0,0,0,2,0,2,0,0,0,0,0,2,0,0,0
SOMI,2007-08,12/8/2007,2,2,0,1,0,0,0,1,0,1,0,0,0,1,0,0,0,0,0
SPIG,2007-08,12/15/2007,0,2,1,2,0,0,0,2,0,2,2,0,0,2,0,2,0,2,0
STON,2007-08,12/28/2007,1,1,2,2,0,0,0,0,0,0,1,0,0,0,0,0,0,2,0
STON,2007-08,1/8/2008,0,0,2,2,0,0,0,0,0,0,2,0,0,0,0,0,0,2,0
USEF,2007-08,11/24/2007,0,2,1,1,0,0,1,2,0,2,1,0,1,1,0,1,0,0,0
USEF,2007-08,12/9/2007,1,2,2,1,0,0,1,2,0,2,1,0,0,1,0,1,0,0,2
WEBB,2007-08,12/17/2007,0,0,2,2,0,0,0,0,0,0,2,0,0,0,0,0,0,2,0
WHAL,2007-08,12/4/2007,1,2,2,2,0,0,2,0,0,1,2,0,1,2,0,0,0,0,0
WHAL,2007-08,12/14/2007,0,0,0,1,0,1,2,1,0,1,1,0,0,0,0,0,0,1,2
WHAL,2007-08,12/25/2007,0,0,1,1,0,1,1,1,0,1,1,0,0,1,0,0,0,1,0
WHAL,2007-08,1/5/2008,0,0,2,1,0,0,2,1,0,1,2,0,0,1,0,0,0,0,0
WHAL,2007-08,1/19/2008,0,2,0,1,0,1,0,1,0,0,2,0,0,0,0,0,0,1,0
WILD,2007-08,11/12/2007,0,1,1,1,0,0,1,2,0,1,1,0,1,1,0,2,0,0,0
AITC,2008-09,11/4/2008,0,0,0,2,0,0,0,2,0,2,1,0,2,2,0,1,0,0,0
AITC,2008-09,11/26/2008,0,1,0,2,0,0,2,2,0,2,2,0,2,2,0,1,0,0,0
AITC,2008-09,12/2/2008,1,1,1,2,0,2,0,2,0,2,1,0,2,0,0,2,0,0,1
AITC,2008-09,12/7/2008,1,1,1,2,0,0,0,2,0,2,2,0,2,2,0,1,0,0,0
AITC,2008-09,12/29/2008,1,0,2,2,0,2,2,2,0,2,0,0,2,0,0,1,0,0,1
AITC,2008-09,1/14/2009,0,0,0,2,0,2,0,2,0,2,2,0,2,0,0,1,0,2,0
AITC,2008-09,1/25/2009,1,1,1,2,0,0,2,2,0,2,2,0,2,2,0,2,0,0,2
ALMI,2008-09,11/8/2008,0,2,0,0,0,0,0,0,0,2,0,0,0,0,0,1,0,0,0
ALMI,2008-09,11/17/2008,0,2,0,0,0,0,0,0,0,2,0,0,0,0,0,0,0,0,0
ALMI,2008-09,11/18/2008,0,2,0,0,0,0,0,0,0,0,0,0,0,0,0,0,0,0,0
ALMI,2008-09,11/30/2008,0,2,2,1,0,0,2,0,0,2,0,0,0,1,0,1,0,0,0
ALMI,2008-09,12/8/2008,0,2,1,0,0,0,2,0,0,2,1,0,0,0,0,2,0,0,1
ALMI,2008-09,1/3/2009,0,2,2,1,0,0,0,0,0,2,0,0,0,1,0,1,0,0,2
ALMI,2008-09,1/29/2009,0,2,0,1,0,0,2,0,0,2,0,0,0,1,0,2,0,0,1
ALMI,2008-09,11/12/2009,0,2,1,0,0,0,2,0,0,2,1,0,0,0,0,2,1,0,0
ANDR,2008-09,2/3/2009,2,1,0,1,0,0,0,0,0,0,0,0,0,1,1,0,0,0,0
BAIL,2008-09,11/7/2008,0,0,0,1,0,0,2,2,0,1,0,0,1,1,0,1,0,0,0
BAIL,2008-09,11/17/2008,0,0,0,1,0,0,2,2,0,0,0,0,1,1,0,0,0,0,0
BAIL,2008-09,12/11/2008,0,0,0,0,0,0,0,2,0,0,0,0,0,0,0,0,0,0,0
BAIL,2008-09,12/17/2008,0,0,0,2,0,2,0,2,0,0,0,0,0,0,0,0,0,0,0
BAIL,2008-09,12/29/2008,0,0,0,2,0,0,1,2,0,0,0,0,0,2,0,1,0,0,0
BAIL,2008-09,1/1/2009,0,0,1,2,0,2,1,2,0,0,1,1,0,0,0,1,0,0,0
BAIL,2008-09,1/11/2009,0,0,0,2,0,0,2,2,0,0,0,0,1,2,0,1,0,0,1
BELS,2008-09,1/20/2009,0,0,0,1,0,0,2,2,0,0,0,0,0,1,0,1,0,0,0
BELS,2008-09,1/31/2009,0,1,0,1,0,0,1,2,0,0,0,0,0,1,0,1,0,0,0
BENE,2008-09,11/8/2008,0,0,0,0,0,0,0,0,0,2,0,0,0,0,0,0,0,0,0
BENE,2008-09,2/2/2009,0,2,0,0,0,0,0,0,0,2,0,0,1,0,0,1,0,0,0
BONG,2008-09,12/14/2008,2,2,1,2,0,0,0,0,0,0,1,0,0,2,1,0,0,1,1
BONG,2008-09,12/25/2008,2,1,0,2,0,0,0,0,0,0,2,0,0,0,1,0,0,2,0
BROW,2008-09,11/5/2008,2,0,1,1,0,0,1,0,0,2,2,0,1,1,2,0,0,0,0
BROW,2008-09,11/16/2008,2,0,1,1,0,0,2,0,0,2,2,0,1,1,0,0,0,0,1
BROW,2008-09,11/28/2008,2,0,0,2,0,0,1,0,0,2,2,0,1,2,0,0,0,0,0
BROW,2008-09,12/13/2008,2,0,0,0,0,0,1,0,0,2,2,0,0,0,0,0,0,0,0
BROW,2008-09,12/20/2008,2,1,1,2,0,2,2,0,0,2,2,0,0,2,2,2,0,0,2
BROW,2008-09,12/30/2008,2,0,1,2,0,0,1,0,0,2,2,0,0,2,2,1,0,0,1
BROW,2008-09,1/10/2009,2,0,1,2,0,0,2,0,0,2,2,0,1,2,2,0,0,0,0
BROW,2008-09,1/15/2009,2,0,0,2,0,2,0,0,0,2,2,0,1,0,2,0,0,0,0
BROW,2008-09,2/1/2009,2,0,0,1,0,0,1,0,0,2,2,0,1,1,2,0,0,0,1
BROW,2008-09,2/17/2009,2,0,0,0,0,0,0,0,0,2,0,0,0,0,2,0,0,0,0
BRYE,2008-09,1/3/2009,0,0,0,0,0,0,0,0,0,2,0,0,0,0,0,0,0,0,0
BRYS,2008-09,12/8/2008,0,0,0,0,0,0,0,0,0,2,0,0,0,0,0,1,0,0,0
BRYS,2008-09,1/3/2009,0,0,0,0,0,0,0,0,0,2,0,0,0,0,0,0,0,0,0
BRYS,2008-09,1/29/2009,0,0,0,0,0,0,0,0,0,2,0,0,0,0,0,1,0,0,1
CUVE,2008-09,12/7/2008,0,2,2,1,0,1,0,0,0,2,1,0,0,1,0,0,0,0,0
CUVE,2008-09,12/8/2008,0,2,0,1,0,0,0,0,0,2,0,0,0,1,0,0,0,0,0
CUVE,2008-09,1/18/2009,0,2,0,0,0,0,0,0,0,2,2,0,0,0,0,0,0,0,0
DAMO,2008-09,11/30/2008,0,1,1,1,0,0,0,0,0,2,1,0,0,1,0,0,0,0,0
DAMO,2008-09,12/28/2008,1,1,0,0,0,0,0,1,0,2,1,0,0,0,0,0,0,0,0
DAMO,2008-09,1/25/2009,0,0,0,1,0,0,0,0,0,2,1,0,0,0,0,1,0,1,0
DAMO,2008-09,1/27/2009,0,0,2,1,0,1,0,0,0,2,2,0,1,0,0,0,0,1,1
DAMO,2008-09,2/15/2009,0,0,1,2,0,0,0,1,0,2,2,0,0,2,0,0,0,0,0
DANC,2008-09,12/8/2008,1,0,0,1,0,0,0,0,0,2,2,0,0,1,0,1,0,0,0
DANC,2008-09,1/13/2009,0,0,0,1,0,0,0,0,0,2,1,0,0,1,0,1,0,0,0
DANC,2008-09,2/2/2009,0,0,0,1,0,0,0,0,0,2,0,0,0,1,0,1,0,0,0
DANC,2008-09,2/12/2009,0,0,0,0,0,0,0,0,0,2,0,0,0,0,0,1,0,0,0
DETA,2008-09,1/24/2009,2,1,0,2,0,0,0,0,0,0,2,0,0,2,1,0,0,0,0
DETA,2008-09,2/13/2009,2,1,0,1,0,0,0,0,0,0,0,0,0,1,0,0,0,0,0
DEVI,2008-09,11/5/2008,2,0,0,1,0,0,0,0,0,0,0,0,0,1,0,1,0,0,0
DEVI,2008-09,12/12/2008,2,0,0,2,0,0,0,0,0,0,0,0,0,2,1,0,0,0,0
DEVI,2008-09,1/10/2009,2,0,0,1,0,0,0,0,0,0,1,0,0,1,0,0,0,0,1
DEVI,2008-09,2/1/2009,2,0,0,2,0,0,0,0,0,0,2,0,0,2,0,0,0,0,0
DOBE,2008-09,11/30/2008,0,2,1,0,0,0,0,0,0,2,1,0,0,0,0,1,0,0,0
DOBE,2008-09,12/28/2008,0,0,0,0,0,0,0,0,0,2,0,0,0,0,0,0,0,0,0
DOBE,2008-09,1/27/2009,0,0,0,0,0,0,0,0,0,2,0,0,0,0,0,0,0,0,0
ENTE,2008-09,1/14/2009,0,2,0,0,0,0,0,0,0,0,2,0,0,0,0,0,0,0,0
ENTR,2008-09,2/16/2009,0,0,0,0,0,0,0,2,0,0,0,0,0,0,0,0,0,0,0
FISH,2008-09,2/5/2009,2,2,0,1,0,0,0,0,0,0,1,0,0,0,0,0,0,1,1
GEOR,2008-09,12/22/2008,0,0,0,2,0,2,0,2,0,2,1,0,0,0,0,2,0,2,0
GEOR,2008-09,1/18/2009,0,0,0,2,0,2,0,2,0,2,0,0,0,0,0,2,0,0,1
GEOR,2008-09,2/12/2009,0,0,0,1,0,1,0,2,0,2,0,0,0,0,0,1,0,1,0
GLAN,2008-09,12/1/2008,0,0,0,0,0,0,0,0,0,2,0,0,0,0,0,0,0,0,0
GLAN,2008-09,12/10/2008,0,0,0,0,0,0,0,0,0,2,0,0,0,0,0,0,0,0,0
GLAN,2008-09,2/14/2009,1,0,0,0,0,0,0,0,0,2,0,0,0,0,0,1,0,0,0
HALF,2008-09,11/15/2008,0,2,1,1,0,0,0,2,0,1,1,0,1,1,0,1,0,0,0
HALF,2008-09,12/18/2008,1,2,2,2,0,2,0,2,0,1,2,1,0,0,0,2,0,0,2
HALF,2008-09,1/17/2009,0,2,0,2,0,2,0,2,0,0,2,0,0,0,0,1,0,0,0
HERO,2008-09,12/30/2008,2,0,0,1,0,0,0,0,0,2,1,0,0,1,0,2,0,0,0
HERO,2008-09,1/21/2009,0,0,NA,1,0,1,2,0,0,2,2,0,1,0,0,2,0,0,2
HUMP,2008-09,12/1/2008,0,0,0,0,0,0,0,0,0,2,0,0,0,0,0,0,0,0,0
HYDR,2008-09,1/26/2009,0,2,0,2,0,0,0,2,0,0,2,0,0,2,0,2,0,0,1
JONA,2008-09,2/1/2009,1,0,0,0,0,0,1,0,0,2,2,0,1,0,0,0,0,0,0
JOUG,2008-09,11/10/2008,0,2,2,1,0,0,0,0,0,2,1,0,0,1,0,1,0,0,0
JOUG,2008-09,11/21/2008,0,2,1,1,0,0,0,0,0,2,1,0,1,1,0,1,0,0,0
JOUG,2008-09,12/8/2008,0,2,1,1,0,1,0,0,0,2,1,0,1,1,0,1,0,0,0
JOUG,2008-09,12/9/2008,0,2,0,0,0,0,0,0,0,2,0,0,0,0,0,1,0,0,0
JOUG,2008-09,12/16/2008,0,2,0,0,0,0,0,0,0,2,0,0,0,0,0,0,0,0,0
JOUG,2008-09,12/24/2008,0,2,0,2,0,2,0,1,0,2,2,0,0,0,0,2,0,2,0
JOUG,2008-09,1/4/2009,0,2,2,2,0,0,0,0,0,2,2,0,0,0,0,1,0,2,0
JOUG,2008-09,1/25/2009,0,2,1,1,0,0,0,0,0,2,2,0,0,0,0,2,0,1,0
JOUG,2008-09,2/6/2009,0,2,0,1,0,0,0,0,0,2,0,0,0,1,0,0,0,0,0
LACH,2008-09,11/28/2008,0,0,1,1,0,0,0,0,0,1,1,0,1,1,1,0,0,0,1
LIND,2008-09,1/26/2009,0,0,1,1,0,1,0,1,0,0,1,0,0,0,1,0,1,0,1
LOUB,2008-09,12/1/2008,0,0,0,0,0,0,0,0,0,2,0,0,0,0,0,0,0,0,0
LOUB,2008-09,12/10/2008,0,0,0,0,0,0,0,0,0,2,0,0,0,0,0,0,0,0,0
LOUB,2008-09,2/14/2009,0,0,0,1,0,0,0,0,0,2,0,0,0,1,0,1,0,0,0
MIKK,2008-09,1/26/2009,0,0,1,1,0,1,0,0,0,2,0,0,0,0,0,0,0,0,0
MOOT,2008-09,12/23/2008,1,0,0,1,0,0,0,0,0,2,0,0,0,0,0,0,0,1,0
MOOT,2008-09,2/14/2009,1,0,0,1,0,0,0,0,0,2,0,0,0,1,0,0,0,0,0
NEKO,2008-09,11/8/2008,0,1,0,0,0,0,0,0,0,2,0,0,0,0,0,0,0,0,0
NEKO,2008-09,11/17/2008,0,0,0,0,0,0,0,0,0,2,0,0,0,0,0,0,0,0,0
NEKO,2008-09,11/18/2008,0,0,0,1,0,0,0,0,0,2,1,0,0,1,0,0,0,0,0
NEKO,2008-09,12/2/2008,0,0,0,0,0,0,0,0,0,2,1,0,0,0,0,0,0,0,0
NEKO,2008-09,12/7/2008,0,1,1,2,0,2,0,0,0,2,2,0,0,2,0,0,0,0,0
NEKO,2008-09,12/22/2008,0,0,0,2,0,0,0,0,0,2,1,0,0,0,0,0,0,2,0
NEKO,2008-09,12/28/2008,0,0,0,0,0,0,0,0,0,2,0,0,0,0,0,0,0,0,0
NEKO,2008-09,1/20/2009,0,0,0,1,0,1,0,0,0,2,2,0,0,0,0,0,0,0,0
NEKO,2008-09,1/23/2009,0,0,1,1,0,0,0,0,0,2,2,0,0,1,0,1,0,0,0
NEKO,2008-09,1/27/2009,0,0,1,2,0,2,0,1,0,2,0,0,0,0,0,0,0,0,1
NEKO,2008-09,2/15/2009,0,0,0,1,0,0,0,0,0,2,1,0,0,1,0,0,0,0,0
ORNE,2008-09,12/16/2008,0,0,0,2,0,0,0,2,0,2,0,0,0,0,0,2,0,2,0
ORNE,2008-09,2/12/2009,0,0,0,2,0,1,0,2,0,2,1,0,0,0,0,1,0,2,0
PAUL,2008-09,11/6/2008,2,2,0,1,0,0,0,0,0,0,0,0,0,1,0,1,0,0,0
PAUL,2008-09,12/18/2008,2,2,0,0,0,0,0,0,0,0,0,0,0,0,0,2,0,0,0
PAUL,2008-09,12/19/2008,2,2,0,2,0,2,0,0,0,0,2,0,0,2,0,2,0,0,0
PAUL,2008-09,12/30/2008,2,0,0,2,0,0,0,0,0,0,1,0,0,2,0,1,0,0,1
PAUL,2008-09,12/30/2008,2,1,0,1,0,0,1,0,0,0,1,0,0,1,0,0,0,0,1
PAUL,2008-09,1/15/2009,2,2,0,2,0,0,0,0,0,0,2,0,0,2,0,2,0,0,0
PAUL,2008-09,1/21/2009,2,2,0,2,0,0,0,0,0,0,2,0,1,2,0,1,0,0,1
PCHA,2008-09,12/10/2008,2,2,0,1,0,0,0,2,0,2,0,0,0,1,0,0,0,0,0
PCHA,2008-09,1/2/2009,2,2,0,2,0,0,0,2,0,2,1,0,0,2,0,0,0,0,1
PCHA,2008-09,1/19/2009,2,2,0,2,0,2,0,2,0,2,0,0,0,0,0,2,0,0,2
PCHA,2008-09,1/28/2009,2,2,1,1,0,1,0,2,0,2,0,0,0,0,0,2,0,1,1
PEPO,2008-09,12/20/2008,2,1,1,2,0,2,0,0,0,0,2,0,1,2,0,1,0,0,1
PETE,2008-09,11/19/2008,2,2,1,1,0,0,0,0,0,2,0,0,0,1,0,0,0,0,0
PETE,2008-09,12/1/2008,2,2,0,2,0,0,0,1,0,2,0,0,0,2,0,1,1,2,0
PETE,2008-09,12/4/2008,2,2,1,1,0,1,0,1,0,2,1,0,0,1,0,0,0,1,0
PETE,2008-09,12/23/2008,2,2,0,2,0,0,0,0,0,2,1,0,0,0,0,0,0,2,0
PETE,2008-09,12/27/2008,2,2,0,1,0,0,0,0,0,2,1,0,0,1,0,0,0,0,1
PETE,2008-09,1/12/2009,2,2,2,2,0,0,0,0,0,2,2,0,0,0,0,1,0,2,1
PETE,2008-09,1/18/2009,2,2,0,2,0,0,0,0,0,2,0,0,0,2,0,0,0,0,0
PETE,2008-09,1/28/2009,2,2,0,1,0,1,0,0,0,2,0,0,0,0,0,2,0,0,1
PLEN,2008-09,12/4/2008,1,2,0,1,0,1,0,1,0,2,1,0,0,1,0,0,0,1,0
PLEN,2008-09,1/3/2009,0,2,1,1,0,0,0,0,0,2,0,0,0,1,0,0,0,0,1
PLEN,2008-09,1/25/2009,0,2,0,1,0,0,0,0,0,2,2,0,1,0,0,2,0,1,1
PYPT,2008-09,1/15/2009,0,2,0,1,0,0,0,0,0,2,1,0,0,1,0,2,0,0,0
RONE,2008-09,12/7/2008,0,0,0,0,0,0,0,0,0,2,0,0,0,0,0,0,0,0,0
RONE,2008-09,2/12/2009,0,0,0,0,0,0,0,0,0,2,0,0,0,0,0,0,0,0,0
SELV,2008-09,1/23/2009,0,0,0,1,0,0,0,2,0,2,1,0,0,1,0,0,0,0,0
SKOT,2008-09,2/1/2009,0,0,0,1,0,0,0,1,0,2,0,0,0,1,0,1,0,0,0
SPIG,2008-09,1/23/2009,0,0,0,1,0,0,0,2,0,0,1,0,0,1,0,0,0,0,1
TETR,2008-09,2/1/2009,0,1,1,1,0,0,1,2,0,1,1,0,0,1,0,1,0,0,1
USEF,2008-09,11/9/2008,0,2,0,1,0,0,0,2,0,2,1,0,0,1,0,1,0,0,0
USEF,2008-09,11/20/2008,0,2,1,1,0,0,0,2,0,2,1,0,1,1,0,1,0,0,0
USEF,2008-09,2/6/2009,0,2,0,2,0,0,0,2,0,2,0,0,0,2,0,1,0,0,0
VAPO,2008-09,2/16/2009,0,0,0,0,0,0,0,2,0,0,0,0,0,0,0,0,0,0,0
VERN,2008-09,12/1/2008,0,0,0,0,0,0,0,0,0,2,0,0,0,0,0,0,0,0,0
VERN,2008-09,12/6/2008,0,1,1,1,0,0,0,1,0,2,1,0,0,1,0,0,0,1,0
VORT,2008-09,12/31/2008,2,0,0,2,0,0,0,0,0,0,1,0,1,2,0,0,0,0,1
WATE,2008-09,12/18/2008,0,0,0,1,0,0,0,2,0,2,0,0,0,1,0,2,0,0,0
WHAL,2008-09,11/17/2008,0,2,1,1,0,0,1,0,0,1,2,0,1,1,0,0,0,0,0
WHAL,2008-09,11/29/2008,0,0,0,1,0,0,0,0,0,0,0,0,0,1,0,0,0,0,0
WHAL,2008-09,12/11/2008,0,0,1,1,0,0,0,0,0,0,2,0,0,1,0,0,0,0,0
WHAL,2008-09,1/17/2009,0,2,1,2,0,1,0,1,0,1,2,0,0,0,0,1,0,2,1
WHAL,2008-09,2/16/2009,0,0,1,1,0,0,0,0,0,1,0,0,0,1,0,0,0,0,0
WILD,2008-09,12/31/2008,0,1,0,1,0,0,1,2,0,0,1,1,0,1,0,2,0,0,1
YALO,2008-09,12/6/2008,2,2,1,1,0,0,0,1,0,1,1,0,0,1,0,0,0,1,0
AITC,2009-10,12/10/2009,0,2,1,2,0,2,1,2,0,2,2,0,2,0,0,1,0,0,0
AITC,2009-10,1/22/2010,0,0,0,2,0,0,0,2,0,2,0,0,1,2,0,1,0,0,0
ALMI,2009-10,12/23/2009,0,0,0,0,0,0,0,0,0,2,0,0,0,0,0,0,0,0,0
ALMI,2009-10,1/14/2010,0,2,0,0,0,0,0,0,0,0,0,0,0,0,0,0,0,0,0
ALMI,2009-10,2/5/2010,0,2,0,0,0,0,0,0,0,2,0,0,0,0,0,2,0,0,0
BAIL,2009-10,11/9/2009,0,0,1,1,0,1,2,2,0,0,1,1,0,0,0,1,0,0,0
BAIL,2009-10,11/19/2009,1,0,0,1,0,1,1,2,0,1,1,0,1,0,0,1,0,0,0
BAIL,2009-10,12/10/2009,0,0,0,2,0,2,2,2,0,0,0,0,1,0,0,1,0,0,0
BAIL,2009-10,12/31/2009,0,0,1,2,0,2,2,2,0,1,1,0,1,2,0,2,1,2,2
BELS,2009-10,2/3/2010,0,1,0,1,0,0,0,2,0,0,0,1,0,1,0,1,0,0,0
BONG,2009-10,2/7/2010,2,2,0,2,0,0,0,0,0,0,2,0,0,2,0,0,0,2,0
BONG,2009-10,2/15/2010,2,2,1,2,0,1,0,0,0,0,2,0,0,0,0,0,0,2,0
BRIT,2009-10,2/18/2010,0,1,0,1,0,0,1,2,0,2,0,1,1,1,0,1,0,0,0
BROW,2009-10,11/23/2009,2,1,0,1,0,1,1,0,0,2,2,0,1,0,0,1,0,0,1
BROW,2009-10,12/11/2009,2,1,1,2,0,0,2,0,0,2,1,0,1,0,2,2,0,2,0
BROW,2009-10,1/24/2010,2,0,0,0,0,0,0,0,0,2,2,0,0,0,2,0,0,0,0
CUVE,2009-10,12/23/2009,0,2,0,2,0,0,0,0,0,2,0,0,0,2,1,0,0,0,0
CUVE,2009-10,2/5/2010,0,2,1,2,0,0,0,0,0,2,0,0,0,2,0,0,0,0,0
DAMO,2009-10,11/13/2009,0,0,1,0,0,0,0,0,0,2,1,0,0,0,0,1,0,0,0
DAMO,2009-10,11/20/2009,0,0,2,1,0,0,0,0,0,2,1,0,0,1,0,0,0,0,0
DAMO,2009-10,1/15/2010,0,0,2,2,0,0,0,0,0,2,0,0,0,2,0,0,0,0,0
DAMO,2009-10,2/16/2010,0,0,1,1,0,0,0,0,0,2,0,0,1,0,0,0,0,1,0
DANC,2009-10,12/13/2009,0,1,0,2,0,0,0,0,0,2,2,0,0,2,0,0,0,1,1
DETA,2009-10,12/24/2009,2,2,0,1,0,0,0,0,0,0,2,0,0,1,0,0,0,0,0
DEVI,2009-10,1/23/2010,2,0,0,2,0,0,0,0,0,0,0,0,0,2,0,0,0,2,0
DOBE,2009-10,12/15/2009,0,0,0,0,0,0,0,0,0,2,0,0,0,0,0,0,0,0,0
DOBE,2009-10,1/15/2010,0,0,0,0,0,0,0,0,0,2,0,0,0,0,0,0,0,0,0
GEOR,2009-10,1/3/2010,1,0,1,2,0,2,0,2,0,2,2,0,0,0,0,2,0,2,0
JOUG,2009-10,11/14/2009,0,2,1,0,0,0,0,0,0,2,1,0,0,0,0,2,0,0,0
JOUG,2009-10,11/22/2009,0,2,1,1,0,0,0,0,0,2,2,0,0,1,0,1,0,0,0
JOUG,2009-10,12/15/2009,0,2,1,1,0,0,0,0,0,2,2,0,0,1,0,1,0,0,1
JOUG,2009-10,2/6/2010,0,2,0,2,0,0,0,0,0,2,2,0,0,2,0,0,0,2,0
MADI,2009-10,12/11/2009,2,1,1,1,0,0,0,0,0,2,1,0,0,1,0,2,0,0,1
MOOT,2009-10,12/25/2009,0,0,0,1,0,0,0,0,0,2,1,0,0,1,0,0,0,0,0
NEKO,2009-10,11/22/2009,0,0,0,1,0,0,0,0,0,2,0,0,0,1,0,1,0,0,0
NEKO,2009-10,12/13/2009,0,0,1,2,0,2,0,0,0,2,2,0,0,0,0,0,0,0,0
NEKO,2009-10,1/3/2010,0,0,1,2,0,0,0,0,0,2,2,0,0,2,0,1,0,2,0
NEKO,2009-10,1/15/2010,0,0,0,2,0,0,0,0,0,2,0,0,0,2,0,0,0,0,0
ORNE,2009-10,11/10/2009,0,0,0,0,0,0,0,2,0,1,1,0,0,0,0,1,0,0,0
ORNE,2009-10,1/13/2010,0,0,0,1,0,0,0,2,0,2,1,0,0,1,0,0,0,0,0
ORNE,2009-10,1/26/2010,0,0,0,2,0,0,0,2,0,2,0,0,0,2,0,0,0,2,0
PAUL,2009-10,12/22/2009,2,2,0,2,0,0,0,0,0,1,2,0,0,2,0,2,0,0,1
PAUL,2009-10,1/24/2010,2,2,0,0,0,0,0,0,0,0,0,0,1,0,0,0,0,0,0
PAUL,2009-10,2/3/2010,2,2,0,1,0,0,0,0,0,0,1,0,1,1,0,2,0,0,0
PCHA,2009-10,11/11/2009,2,2,1,0,0,0,0,2,0,2,1,0,0,0,0,2,0,0,0
PCHA,2009-10,11/21/2009,2,2,1,1,0,0,0,2,0,2,2,0,0,0,0,2,0,1,0
PCHA,2009-10,12/14/2009,2,2,2,2,0,0,0,2,0,2,2,0,0,2,0,0,0,0,0
PCHA,2009-10,2/6/2010,2,2,0,2,0,0,0,2,0,2,0,1,0,2,0,0,0,0,0
PEPO,2009-10,12/21/2009,2,0,1,2,0,0,1,0,0,0,2,0,1,2,0,0,0,0,1
PETE,2009-10,11/11/2009,2,2,0,2,0,0,0,0,0,2,2,0,0,0,0,1,0,2,0
PETE,2009-10,12/14/2009,2,2,1,2,0,0,0,0,0,2,2,0,0,0,0,2,0,2,0
PETE,2009-10,1/28/2010,2,2,0,0,0,0,0,0,0,2,0,0,0,0,0,0,0,0,0
PLEN,2009-10,11/22/2009,0,2,1,1,0,0,0,0,0,2,1,0,0,1,0,0,0,0,0
PLEN,2009-10,1/17/2010,0,2,0,2,0,0,0,0,0,2,0,0,0,0,0,0,0,2,0
PYPT,2009-10,1/27/2010,0,2,0,2,0,0,0,0,0,2,0,0,0,2,0,2,0,0,0
RONE,2009-10,1/13/2010,0,0,0,1,0,0,0,0,0,2,0,0,0,1,0,0,0,0,0
RONE,2009-10,2/16/2010,0,0,0,0,0,0,0,0,0,2,2,0,0,0,0,0,0,0,0
RRRI,2009-10,2/14/2010,2,2,1,2,0,0,0,1,0,0,0,0,0,2,0,0,0,0,0
SELV,2009-10,12/26/2009,0,0,0,1,0,0,0,2,0,2,1,0,0,1,0,1,0,0,0
SPIG,2009-10,12/26/2009,0,1,0,2,0,0,1,2,0,1,1,0,0,2,0,0,0,0,1
SPIN,2009-10,2/19/2010,0,1,1,1,0,0,0,2,0,0,1,0,1,1,0,1,0,0,1
USEF,2009-10,2/8/2010,0,2,0,2,0,0,0,2,0,2,0,0,0,2,0,2,0,2,0
WHAL,2009-10,12/12/2009,0,2,0,0,0,0,0,0,0,0,0,0,0,0,0,0,0,0,0
WHAL,2009-10,1/12/2010,1,2,0,2,0,0,0,1,0,1,2,0,0,2,0,0,0,0,0
WHAL,2009-10,2/17/2010,0,2,1,1,0,1,0,0,0,1,2,0,1,0,0,1,0,1,0
WILD,2009-10,2/3/2010,0,1,0,1,0,0,0,2,0,0,0,1,0,1,0,1,0,0,0
YALO,2009-10,12/25/2009,2,2,1,1,0,0,0,0,0,2,2,0,0,1,0,0,0,0,1
YANK,2009-10,11/7/2009,1,0,1,1,0,1,0,0,0,2,1,0,0,0,0,1,0,0,0
AITC,2010-11,12/21/2010,0,2,0,1,0,0,0,2,0,2,0,0,0,1,0,1,0,0,0
AITC,2010-11,1/20/2011,0,0,0,2,0,0,0,2,0,2,2,0,2,2,0,2,0,0,0
ALCO,2010-11,12/10/2010,0,0,0,0,0,0,0,2,0,0,0,0,0,0,0,0,0,0,0
ALMI,2010-11,12/15/2010,0,2,1,1,0,0,0,0,0,0,0,0,0,1,0,2,0,0,0
ALMI,2010-11,2/1/2011,0,2,0,0,0,0,0,0,0,2,0,0,0,0,0,0,0,0,0
ASTU,2010-11,12/16/2010,0,2,0,0,0,0,0,0,0,0,0,0,0,0,0,0,0,0,0
BAIL,2010-11,12/11/2010,0,0,0,1,0,0,1,2,0,0,0,0,0,1,0,0,0,0,0
BAIL,2010-11,2/9/2011,0,0,0,1,0,0,2,2,0,0,0,0,0,1,0,2,0,0,0
BELS,2010-11,12/31/2010,0,0,0,0,0,0,0,2,0,0,1,1,0,0,0,1,0,0,0
BISC,2010-11,12/15/2010,2,0,0,0,0,0,0,0,0,2,0,0,0,0,0,0,0,0,0
BONG,2010-11,1/3/2011,2,0,0,2,0,0,0,0,0,0,2,0,0,1,0,0,0,2,0
BONG,2010-11,1/13/2011,2,0,0,2,0,0,0,0,0,0,0,0,0,0,0,0,0,2,0
BOUD,2010-11,2/22/2011,0,0,0,1,0,0,0,0,0,0,2,0,0,1,0,0,0,0,0
BRIT,2010-11,12/31/2010,0,0,0,0,0,0,2,2,0,2,0,2,0,0,0,1,0,0,0
BROW,2010-11,11/23/2010,2,0,0,1,0,0,1,0,0,2,2,0,0,1,0,0,0,0,0
BROW,2010-11,12/22/2010,2,0,0,1,0,0,1,1,0,2,1,0,0,1,1,0,0,0,0
BROW,2010-11,12/26/2010,2,0,0,0,0,0,0,0,0,2,0,0,0,0,0,0,0,0,0
BROW,2010-11,1/21/2011,2,0,0,0,0,0,0,1,0,2,2,0,0,0,2,0,0,0,0
BROW,2010-11,1/31/2011,2,0,0,1,0,0,2,0,0,2,2,0,1,1,2,0,0,0,0
BRYE,2010-11,12/15/2010,0,0,0,1,0,0,0,0,0,2,1,0,0,1,0,0,0,0,0
BRYS,2010-11,12/15/2010,0,0,0,0,0,0,0,0,0,2,1,0,0,0,0,0,0,0,0
CECI,2010-11,12/7/2010,0,0,0,0,0,0,0,0,0,0,0,0,2,0,0,0,0,0,0
CHPT,2010-11,12/10/2010,0,2,0,0,0,0,0,2,0,2,0,0,0,0,0,0,0,0,0
CUVE,2010-11,12/2/2010,0,1,1,1,0,0,0,0,1,2,1,0,0,1,0,0,0,0,0
CUVE,2010-11,12/15/2010,0,2,1,0,0,0,1,0,0,2,1,0,0,0,0,1,0,0,0
CUVE,2010-11,1/15/2011,0,2,0,0,0,0,0,0,0,2,2,0,0,0,0,2,0,0,0
CUVE,2010-11,2/1/2011,0,0,0,2,0,0,0,0,0,2,0,0,0,2,0,0,0,0,0
CUVE,2010-11,2/13/2011,0,0,0,1,0,0,0,0,0,2,0,0,0,1,0,0,0,0,0
DAMO,2010-11,11/25/2010,0,1,1,1,0,0,0,1,0,2,1,0,1,1,0,1,0,0,1
DAMO,2010-11,12/16/2010,0,0,2,1,0,0,0,1,0,2,1,0,1,1,0,0,0,0,1
DAMO,2010-11,1/25/2011,0,0,0,2,0,0,0,0,0,2,0,0,1,2,0,0,0,0,0
DAMO,2010-11,2/10/2011,0,0,0,2,0,0,0,0,0,2,0,0,0,2,0,0,0,0,0
DANC,2010-11,1/25/2011,0,0,0,1,0,0,0,0,0,2,2,0,0,1,0,0,0,0,0
DELA,2010-11,12/11/2010,0,2,0,0,0,0,0,2,0,0,0,0,0,0,0,0,0,0,0
DETA,2010-11,1/14/2011,2,2,1,2,0,0,0,0,0,0,2,0,0,0,0,0,0,2,1
DETA,2010-11,1/24/2011,2,2,0,2,0,0,0,0,0,0,2,0,0,2,0,0,0,0,0
DETA,2010-11,2/3/2011,2,2,0,2,0,0,0,0,0,0,0,0,0,2,0,0,0,0,0
DEVI,2010-11,11/21/2010,2,1,0,1,0,0,1,0,0,0,0,0,0,1,1,0,0,0,0
DEVI,2010-11,1/21/2011,2,0,0,2,0,0,0,0,0,0,1,0,0,2,0,0,0,0,0
DOBE,2010-11,12/5/2010,0,0,0,0,0,0,0,1,0,2,1,0,0,0,0,1,0,0,0
DOBE,2010-11,12/14/2010,0,0,1,1,0,0,0,1,0,2,1,0,0,1,0,0,0,0,0
DUPT,2010-11,12/13/2010,0,0,0,0,0,0,0,2,0,2,0,0,0,0,0,0,0,0,0
ENTR,2010-11,12/1/2010,0,1,0,1,0,0,2,2,0,1,1,0,0,1,0,1,1,0,0
ENTR,2010-11,12/24/2010,0,1,0,1,0,0,2,2,0,1,0,1,0,1,0,1,0,0,0
ENTR,2010-11,1/22/2011,0,0,0,1,0,0,2,2,0,0,0,1,1,1,0,1,0,0,0
EXTE,2010-11,12/3/2010,1,2,0,2,0,0,1,1,0,1,1,0,0,2,0,0,0,0,0
FISH,2010-11,1/4/2011,2,0,0,2,0,2,0,0,0,0,2,0,0,2,0,0,0,2,0
GAST,2010-11,12/12/2010,0,2,0,0,0,0,0,2,0,0,0,0,0,0,0,0,0,0,0
GEOR,2010-11,12/15/2010,0,0,0,1,0,0,0,2,0,2,1,0,0,1,0,1,1,0,1
GLAN,2010-11,12/14/2010,1,0,1,1,0,0,0,0,0,2,0,0,1,1,0,0,0,0,0
HALF,2010-11,12/21/2010,1,2,1,2,0,0,0,2,0,1,2,0,0,2,0,1,0,0,0
HALF,2010-11,2/19/2011,1,0,0,1,0,0,0,2,0,1,0,0,1,1,0,1,0,0,0
HANN,2010-11,1/10/2011,0,2,0,2,0,2,2,2,0,2,2,2,2,0,0,1,0,0,1
HANN,2010-11,1/30/2011,0,2,0,0,0,0,2,2,0,2,2,0,2,0,0,2,0,0,0
HUMP,2010-11,12/14/2010,0,0,0,0,0,0,0,0,0,2,1,0,0,0,0,1,0,0,0
HUNT,2010-11,11/24/2010,0,2,0,0,0,0,0,1,0,0,0,0,0,0,0,0,1,0,0
JACP,2010-11,12/12/2010,0,2,0,0,0,0,0,2,0,0,0,0,0,0,0,0,0,0,0
JOUG,2010-11,11/25/2010,0,2,0,1,0,0,0,0,0,2,1,0,1,1,0,1,0,0,0
JOUG,2010-11,12/5/2010,0,2,0,1,0,0,0,1,0,2,2,0,0,1,0,1,0,0,0
JOUG,2010-11,12/26/2010,0,2,0,2,0,0,0,0,0,2,2,0,0,2,0,1,0,0,0
JOUG,2010-11,1/5/2011,0,2,0,2,0,2,0,0,0,2,2,0,0,2,0,2,0,2,0
JOUG,2010-11,1/15/2011,0,2,1,2,0,0,0,0,0,2,2,0,0,0,0,2,0,2,1
JOUG,2010-11,2/4/2011,0,2,0,2,0,0,0,0,0,2,2,0,0,2,0,0,0,0,0
LAIN,2010-11,1/3/2011,0,0,0,2,0,0,0,0,0,0,2,0,2,2,0,0,0,2,0
LAUR,2010-11,12/16/2010,0,2,0,0,0,0,0,0,0,0,0,0,0,0,0,0,0,0,0
LAUT,2010-11,12/13/2010,0,0,0,0,0,0,0,0,0,2,0,0,0,0,0,0,0,0,0
LOUB,2010-11,12/14/2010,0,0,0,1,0,0,0,0,0,2,1,0,0,1,0,1,0,0,0
MIDA,2010-11,12/10/2010,0,2,0,0,0,0,0,2,0,0,0,0,0,0,0,0,0,0,0
MIER,2010-11,12/8/2010,0,0,0,0,0,0,0,2,0,0,0,0,0,0,0,0,0,0,0
MOOT,2010-11,1/2/2011,0,0,0,2,0,0,0,0,0,2,0,0,0,0,0,0,0,2,0
NEKO,2010-11,12/2/2010,0,0,0,1,0,0,0,0,0,2,1,0,0,1,0,0,0,0,0
NEKO,2010-11,12/13/2010,0,0,1,1,0,0,0,0,0,2,1,0,0,1,0,0,0,0,0
NEKO,2010-11,1/5/2011,0,0,0,2,0,0,0,0,0,2,2,0,0,0,0,0,0,2,0
NEKO,2010-11,1/12/2011,0,0,1,1,0,1,0,0,0,2,1,0,0,0,0,0,0,0,1
NEKO,2010-11,2/20/2011,0,0,0,1,0,0,0,0,0,0,1,0,0,1,1,0,0,0,0
NOBL,2010-11,12/16/2010,0,0,0,0,0,0,0,0,0,2,0,0,0,0,0,0,0,0,0
ONEI,2010-11,12/13/2010,0,0,0,0,0,0,0,0,0,2,0,0,0,0,0,0,0,0,0
ORNE,2010-11,12/27/2010,0,0,0,2,0,0,0,2,0,2,0,0,0,2,0,0,0,0,0
PAUL,2010-11,12/23/2010,2,2,0,1,0,0,0,0,0,0,1,0,1,1,0,1,0,0,0
PCHA,2010-11,11/26/2010,1,1,0,1,0,0,0,2,0,2,1,0,0,1,0,1,0,0,1
PCHA,2010-11,12/4/2010,2,2,1,2,0,0,0,2,0,2,1,0,0,2,0,1,0,0,0
PCHA,2010-11,12/25/2010,2,0,1,1,0,0,0,2,0,2,0,0,0,1,0,0,0,0,0
PCHA,2010-11,1/12/2011,2,0,0,1,0,0,0,2,0,2,1,0,0,0,0,0,0,1,0
PCHA,2010-11,1/23/2011,2,2,1,2,0,0,0,2,0,2,0,0,0,0,0,2,0,2,0
PCHA,2010-11,2/2/2011,2,2,1,1,0,0,0,2,0,2,0,0,0,1,0,0,0,0,0
PENG,2010-11,12/6/2010,2,0,0,0,0,0,0,2,0,0,0,0,2,0,0,0,0,0,0
PETE,2010-11,12/5/2010,2,2,1,1,0,0,0,2,0,2,1,0,0,1,0,0,0,0,1
PETE,2010-11,1/2/2011,2,2,0,2,0,0,0,2,0,2,1,0,0,0,0,0,0,2,0
PETE,2010-11,1/23/2011,2,2,2,2,0,0,0,2,0,2,2,0,0,0,0,2,0,2,2
PLEN,2010-11,11/26/2010,0,1,1,1,0,0,0,0,0,2,1,0,0,1,0,0,0,0,1
PLEN,2010-11,12/14/2010,0,2,0,1,0,0,0,0,0,2,1,0,1,1,0,1,0,0,0
PLEN,2010-11,2/2/2011,1,2,0,2,0,0,0,0,0,2,0,0,0,2,0,1,0,0,0
PRES,2010-11,12/8/2010,0,0,0,0,0,0,0,2,0,0,0,0,0,0,0,0,0,0,0
RONE,2010-11,1/15/2011,0,0,0,2,0,0,0,0,0,2,2,0,0,0,0,0,0,2,0
SANE,2010-11,12/13/2010,0,2,0,0,0,0,0,0,0,2,0,0,0,0,0,0,0,0,0
SPIG,2010-11,12/16/2010,0,0,0,0,0,0,0,2,0,0,1,0,0,0,0,0,0,0,0
STER,2010-11,12/10/2010,0,0,0,0,0,0,0,2,0,2,0,0,0,0,0,0,0,0,0
TAYH,2010-11,12/23/2010,2,0,0,1,0,0,0,0,0,0,2,0,0,1,0,1,0,0,0
TURR,2010-11,12/6/2010,2,2,0,0,0,0,0,2,0,0,0,0,2,0,0,0,0,0,0
USEF,2010-11,11/24/2010,0,2,1,1,0,0,0,2,0,2,1,0,1,1,0,1,0,0,0
VIEW,2010-11,11/22/2010,1,0,1,0,0,0,0,0,0,1,1,0,1,0,0,0,0,0,0
WHAL,2010-11,12/11/2010,0,2,0,1,0,0,2,1,0,1,2,0,0,1,0,0,0,0,2
WHAL,2010-11,1/1/2011,0,0,1,1,0,1,2,1,0,1,2,0,0,1,0,0,0,1,1
WILD,2010-11,1/31/2010,0,0,0,0,0,0,0,1,0,0,0,0,0,0,0,0,0,0,0
AITC,2011-12,11/17/2011,0,1,1,1,0,0,0,2,0,2,2,1,2,1,0,1,0,0,0
AITC,2011-12,1/24/2012,0,1,0,2,0,0,0,2,0,2,1,0,2,2,0,1,0,0,0
ALMI,2011-12,12/4/2011,0,2,2,1,0,0,0,0,0,2,0,0,0,1,0,0,0,0,0
ALMI,2011-12,1/22/2012,0,2,1,1,0,0,2,0,0,2,1,0,0,1,0,2,0,0,1
ALMI,2011-12,2/1/2012,0,2,0,1,0,0,2,0,0,2,1,0,0,1,0,2,0,0,1
BAIL,2011-12,2/3/2012,0,0,0,1,0,0,1,2,0,0,0,0,1,1,0,1,0,0,1
BENE,2011-12,12/11/2011,0,2,0,1,0,0,0,0,0,2,1,0,0,1,0,2,0,0,0
BENE,2011-12,1/31/2012,0,2,1,1,0,0,0,0,0,2,1,0,1,1,0,1,0,1,0
BRYE,2011-12,12/22/2011,0,0,0,1,0,0,0,0,0,2,0,0,0,1,0,1,0,0,0
BRYE,2011-12,2/1/2012,0,1,0,1,0,1,0,0,0,2,1,0,0,0,0,1,0,0,1
BRYS,2011-12,12/22/2011,0,1,1,1,0,0,0,0,0,2,0,0,0,1,0,0,0,0,0
BRYS,2011-12,2/1/2012,0,0,0,1,0,0,0,0,0,2,0,0,0,1,0,1,0,1,0
COBA,2011-12,12/13/2011,0,2,0,1,0,0,0,2,0,0,0,0,0,0,0,0,0,1,0
CUVE,2011-12,12/3/2011,0,2,0,1,0,0,0,2,0,2,2,0,0,1,0,0,0,0,0
CUVE,2011-12,12/23/2011,1,2,1,2,0,0,0,0,0,2,2,0,0,2,0,1,0,0,2
CUVE,2011-12,1/23/2012,1,2,0,2,0,2,1,0,0,2,2,0,0,1,0,1,0,0,1
DAMO,2011-12,11/16/2011,0,1,0,1,0,0,0,0,0,2,1,0,0,1,0,0,0,0,0
DAMO,2011-12,12/11/2011,0,1,2,1,0,0,0,0,0,2,1,0,0,1,0,0,0,0,0
DAMO,2011-12,1/30/2012,0,0,2,2,0,1,0,1,0,2,0,0,1,0,0,0,0,2,1
DANC,2011-12,12/22/2011,0,0,1,2,0,0,0,0,0,2,2,0,1,2,0,1,0,0,0
DANC,2011-12,1/23/2012,0,0,0,1,0,0,0,0,0,2,2,0,0,1,0,1,0,0,0
DOBE,2011-12,1/30/2012,1,0,0,0,0,0,0,0,0,2,0,0,1,0,0,1,0,0,0
DUPT,2011-12,11/15/2011,0,1,0,0,0,0,0,2,0,2,0,0,0,0,0,0,0,0,0
ECKE,2011-12,11/12/2011,0,2,0,0,0,0,0,2,0,0,2,0,0,0,0,0,0,0,0
FORT,2011-12,12/14/2011,0,0,1,2,0,2,2,2,0,2,1,0,0,0,0,2,0,0,0
GEOR,2011-12,11/14/2011,0,0,0,1,0,0,0,2,0,2,0,0,0,1,0,1,0,0,0
GEOR,2011-12,12/13/2011,0,1,0,1,0,0,0,2,0,2,1,0,0,1,1,1,0,0,0
HALF,2011-12,11/11/2011,0,2,1,0,0,0,0,2,0,0,1,2,0,0,0,1,0,0,0
HALF,2011-12,12/2/2011,0,2,0,0,0,0,0,2,0,1,1,0,0,0,0,1,0,0,0
HALF,2011-12,12/25/2011,0,2,1,1,0,0,0,2,0,0,2,2,0,1,0,1,0,0,0
HANN,2011-12,2/3/2012,0,2,1,1,0,1,2,2,0,2,2,1,2,1,0,1,0,1,0
HIDD,2011-12,1/21/2012,0,1,0,1,0,0,0,0,0,0,1,0,1,1,0,0,0,0,1
HORI,2011-12,1/19/2012,0,1,1,1,0,0,0,0,0,0,2,0,0,0,0,0,0,1,1
HUMB,2011-12,12/10/2011,2,0,0,0,0,0,0,0,0,0,0,0,0,0,0,0,0,0,0
JOUG,2011-12,11/16/2011,1,2,1,1,0,0,0,1,0,2,1,0,0,1,0,1,0,0,0
JOUG,2011-12,12/21/2011,0,2,0,1,0,0,0,0,0,2,2,0,1,1,0,1,0,0,0
JOUG,2011-12,1/21/2012,1,2,2,1,0,0,0,0,0,2,2,0,1,1,0,1,0,0,0
LAGO,2011-12,1/19/2012,2,2,1,1,0,0,0,0,0,0,1,0,0,0,0,0,0,1,1
MELC,2011-12,12/21/2011,1,2,2,1,0,0,1,1,0,1,2,0,0,1,0,1,0,0,1
MOLI,2011-12,1/31/2012,0,0,1,0,0,0,0,0,0,0,2,0,0,0,0,0,0,0,0
NEKO,2011-12,12/12/2011,0,1,0,2,0,0,0,0,0,2,2,0,0,0,0,1,0,2,0
NEKO,2011-12,1/22/2012,0,0,1,2,0,0,0,1,0,2,2,0,0,2,0,1,0,0,1
NEKO,2011-12,2/1/2012,0,1,1,2,0,0,0,0,0,2,2,0,0,2,1,0,0,1,1
ORNE,2011-12,11/14/2011,0,0,0,0,0,0,0,2,0,2,0,0,0,0,0,0,0,0,0
PRES,2011-12,12/15/2011,0,0,0,0,0,0,0,1,0,1,1,0,2,0,0,0,0,0,0
RENI,2011-12,12/2/2011,0,0,0,0,0,0,0,2,0,0,0,0,0,0,0,0,0,0,0
RENI,2011-12,12/14/2011,0,0,0,0,0,0,2,2,0,0,0,0,0,0,0,2,0,0,0
RUGG,2011-12,12/2/2011,0,2,0,0,0,0,0,2,0,0,2,0,0,0,0,0,0,0,0
RUGG,2011-12,12/14/2011,0,2,0,0,0,0,1,2,0,0,1,0,0,0,0,1,0,0,1
SELV,2011-12,12/24/2011,0,0,0,1,0,0,0,2,0,2,0,0,0,1,0,0,0,0,0
SPIG,2011-12,12/13/2011,0,2,1,1,0,0,1,2,0,0,1,0,0,1,1,1,0,0,0
WATE,2011-12,11/15/2011,0,0,0,0,0,0,0,0,0,2,1,0,0,0,0,1,0,0,0
WATE,2011-12,12/12/2011,0,2,0,0,0,0,0,0,0,2,1,0,0,0,0,1,0,0,0
WATE,2011-12,1/31/2012,1,2,1,1,0,1,0,2,0,2,0,0,0,1,0,2,0,1,0
WHAL,2011-12,1/24/2012,0,2,1,1,0,0,2,1,0,0,2,0,1,1,0,1,0,0,0
ALMI,2012-13,1/8/2013,0,2,2,0,0,0,2,0,0,2,2,0,0,0,0,2,0,0,1
ALMI,2012-13,1/11/2013,0,2,0,0,0,0,0,0,0,2,0,0,0,0,0,1,0,0,0
ALMI,2012-13,1/22/2013,0,2,0,0,0,0,0,0,0,2,0,0,0,0,0,1,0,0,0
ALMI,2012-13,2/1/2013,0,0,0,0,0,0,0,0,0,2,0,0,0,0,0,0,0,0,0
ANDI,2012-13,1/16/2013,2,2,0,2,0,0,0,0,0,0,0,0,0,0,0,0,0,2,0
ANDR,2012-13,1/16/2013,2,2,0,1,0,0,0,0,0,0,0,0,0,0,0,0,0,1,0
ARDL,2012-13,1/31/2013,2,0,0,0,0,0,0,1,0,2,0,0,0,0,0,0,0,0,0
ARMS,2012-13,1/8/2013,2,2,0,2,0,0,0,2,0,0,2,0,2,0,0,0,0,2,2
AVIA,2012-13,1/14/2013,2,2,0,2,0,0,0,0,0,0,2,0,2,0,0,0,0,2,2
BARC,2012-13,1/10/2013,2,2,1,2,0,0,0,1,0,0,1,0,0,0,0,0,0,2,0
BERT,2012-13,1/6/2013,2,0,0,0,0,0,0,0,0,0,0,0,0,0,0,0,0,0,0
BONG,2012-13,1/11/2013,2,0,0,0,0,0,0,0,0,0,0,0,0,0,0,0,0,0,0
BRIT,2012-13,12/1/2012,0,0,1,1,0,0,0,0,0,2,2,2,0,1,0,1,0,0,0
BROW,2012-13,12/23/2012,0,0,0,1,0,0,1,0,0,2,2,0,1,1,2,1,0,0,0
BROW,2012-13,1/10/2013,2,0,1,1,0,0,1,1,0,2,2,0,0,1,2,2,0,0,0
BRYE,2012-13,12/12/2012,0,0,0,1,0,0,0,0,0,2,0,0,0,1,0,0,0,0,0
BRYS,2012-13,12/12/2012,0,0,0,1,0,0,0,0,0,2,0,0,0,1,0,0,0,0,0
BRYS,2012-13,1/11/2013,0,0,0,0,0,0,0,0,0,2,0,0,0,0,0,1,0,0,0
BRYS,2012-13,2/1/2013,0,0,0,0,0,0,0,0,0,2,0,0,0,0,0,0,0,0,0
CHAT,2012-13,1/11/2013,2,2,0,0,0,0,0,0,0,0,0,0,0,0,0,0,0,0,0
CONE,2012-13,1/11/2013,2,2,1,2,0,0,0,2,0,1,2,0,0,0,0,0,0,2,0
CUVE,2012-13,12/12/2012,0,1,0,1,0,0,0,0,0,2,1,0,0,1,0,1,0,0,1
CUVE,2012-13,1/5/2013,0,2,1,1,0,0,0,1,0,2,1,0,0,1,0,0,0,0,1
DAMO,2012-13,12/11/2012,0,0,1,1,0,0,0,0,0,2,0,0,0,1,0,0,0,0,0
DAMO,2012-13,1/11/2013,0,0,1,1,0,0,0,0,0,2,0,0,0,1,0,0,0,0,0
DANC,2012-13,1/4/2013,1,0,0,2,0,2,0,0,0,2,0,0,0,0,0,1,0,2,0
DARB,2012-13,1/17/2013,2,2,0,1,0,0,0,0,0,0,0,0,0,0,0,0,0,1,0
DARX,2012-13,1/6/2013,0,0,0,0,0,0,0,0,0,0,2,0,0,0,0,0,0,0,0
DETA,2012-13,1/6/2013,2,1,0,2,0,0,0,1,0,0,2,0,0,2,1,0,0,0,0
DOBE,2012-13,12/11/2012,0,0,1,1,0,0,0,0,0,2,0,0,0,1,0,0,0,0,0
EMPE,2012-13,1/14/2013,2,2,0,2,0,0,0,2,0,0,0,0,0,0,0,0,0,2,0
ENTR,2012-13,12/21/2012,0,2,2,2,0,2,2,2,0,0,2,1,0,0,0,0,0,0,0
EVEN,2012-13,1/17/2013,2,0,1,1,0,0,0,0,0,1,0,0,0,0,0,0,0,1,0
EVER,2012-13,1/17/2013,2,0,1,1,0,0,0,0,0,0,0,0,0,0,0,0,0,1,1
FISH,2012-13,1/18/2013,2,2,0,1,0,0,0,0,1,0,1,0,0,0,0,0,0,1,0
FIZK,2012-13,1/7/2013,2,2,0,0,0,0,0,0,0,0,0,0,0,0,0,0,0,0,0
GALE,2012-13,1/6/2013,1,0,0,0,0,0,0,1,0,2,1,0,0,0,0,0,0,0,0
GALS,2012-13,1/6/2013,0,0,0,0,0,0,0,0,0,2,0,0,0,0,0,0,0,0,0
GAST,2012-13,12/4/2012,0,2,0,1,0,0,0,2,0,0,0,0,0,1,0,0,0,0,0
GEOR,2012-13,1/5/2013,0,0,0,0,0,0,0,2,0,2,0,0,0,0,0,2,0,0,1
GEOR,2012-13,1/12/2013,0,0,0,0,0,0,0,2,0,2,1,0,0,0,0,1,0,0,0
GING,2012-13,1/11/2013,2,2,0,1,0,0,0,0,0,0,1,0,0,0,0,0,1,1,0
GLAN,2012-13,1/20/2013,0,0,0,2,0,0,0,0,0,2,0,0,0,2,0,0,0,0,0
GOUR,2012-13,12/22/2012,2,2,0,0,0,0,0,2,0,2,2,0,0,0,0,0,0,0,0
GOUR,2012-13,1/11/2013,2,2,0,1,0,0,1,2,0,2,1,0,1,1,0,2,0,0,0
HALF,2012-13,12/15/2012,0,0,0,1,0,0,0,2,0,0,1,0,0,1,0,1,0,0,0
HALF,2012-13,12/25/2012,0,0,2,1,0,0,0,2,0,0,0,1,0,1,0,0,0,0,0
HALF,2012-13,1/3/2013,1,2,1,1,0,1,1,2,0,1,2,1,1,0,0,1,0,0,1
HALF,2012-13,1/24/2013,0,0,0,0,0,0,0,2,0,0,1,0,0,0,0,1,0,0,0
HANN,2012-13,1/14/2013,0,0,0,0,0,0,0,2,0,2,0,2,2,0,0,0,0,0,0
HOPE,2012-13,1/10/2013,2,0,0,1,0,0,1,1,0,2,0,0,1,1,0,0,0,0,1
HUMP,2012-13,1/19/2013,0,0,0,0,0,0,0,0,0,2,0,0,0,0,0,0,0,0,0
JACP,2012-13,12/4/2012,0,2,0,1,0,0,0,2,0,0,0,0,0,1,0,0,0,0,0
JING,2012-13,1/7/2013,2,2,0,1,0,0,0,2,0,0,0,0,0,0,0,0,0,1,0
JOUG,2012-13,12/22/2012,0,2,0,1,0,0,0,0,0,2,1,0,0,1,0,1,0,1,0
JOUG,2012-13,1/5/2013,1,2,0,1,0,0,0,0,0,2,0,0,0,1,0,0,0,0,0
KROG,2012-13,1/9/2013,0,0,0,0,0,0,0,0,0,0,2,0,0,0,0,0,0,0,0
KUNO,2012-13,1/10/2013,2,2,0,2,0,0,0,1,0,0,0,0,0,0,0,0,0,2,0
LAGO,2012-13,1/13/2013,2,2,0,2,0,0,0,0,0,0,1,0,0,0,0,0,0,2,0
LAKT,2012-13,1/8/2013,2,2,0,0,0,0,0,0,0,0,0,0,1,0,0,0,0,0,0
LAVO,2012-13,1/10/2013,2,2,0,0,0,0,0,0,0,0,0,0,0,0,0,0,0,0,0
LOUB,2012-13,1/19/2013,0,0,0,1,0,0,0,0,0,2,1,0,0,1,0,1,0,0,0
MIKK,2012-13,12/3/2012,0,0,1,1,0,0,0,0,0,2,0,0,1,1,0,0,0,0,0
MIKK,2012-13,12/14/2012,0,0,1,1,0,0,0,0,0,2,1,0,0,1,0,0,0,0,0
MIKK,2012-13,1/10/2013,0,0,0,1,0,0,0,0,0,2,1,0,0,1,0,0,0,0,0
MOOT,2012-13,1/5/2013,1,0,1,0,0,0,0,0,0,2,1,0,0,0,0,0,0,0,0
NEKO,2012-13,12/12/2012,0,0,0,1,0,0,0,0,0,2,0,0,0,1,0,0,0,0,0
NEKO,2012-13,12/23/2012,0,0,0,1,0,0,0,0,0,2,0,0,0,1,0,0,0,1,0
NEKO,2012-13,1/12/2013,0,0,0,2,0,0,0,0,0,2,2,0,0,2,0,0,0,0,0
NESM,2012-13,1/7/2013,2,0,0,0,0,0,0,0,0,0,0,0,0,0,0,0,0,0,0
ORNE,2012-13,1/23/2013,1,0,0,2,0,0,0,2,0,2,2,0,1,0,0,1,0,2,1
PCHA,2012-13,1/7/2013,2,2,0,1,0,0,0,2,0,2,1,0,0,1,0,1,0,0,1
PENG,2012-13,12/2/2012,0,0,1,1,0,0,0,1,0,0,0,0,2,1,0,0,0,0,0
PENG,2012-13,1/12/2013,2,0,0,2,0,0,0,2,0,1,0,0,2,2,0,0,0,0,0
PETE,2012-13,12/21/2012,2,2,1,1,0,0,0,0,0,2,0,0,0,1,0,0,0,0,0
PETE,2012-13,1/7/2013,2,2,2,2,0,0,0,1,0,2,2,0,0,2,0,1,0,0,1
PING,2012-13,12/13/2012,0,0,0,1,0,0,0,2,0,0,1,0,0,1,0,0,0,0,0
PLEN,2012-13,12/21/2012,0,2,1,0,0,0,0,0,0,2,0,0,0,0,0,0,0,0,0
PRIN,2012-13,1/21/2013,0,2,0,1,0,0,0,0,0,2,1,0,0,0,0,0,0,1,0
ROBE,2012-13,12/15/2012,0,0,0,1,0,0,0,2,0,2,1,0,2,1,0,0,0,0,0
ROBE,2012-13,1/9/2013,0,2,0,2,0,0,0,2,0,2,2,0,2,2,0,0,0,0,0
RONE,2012-13,12/5/2012,0,0,0,1,0,0,0,0,0,2,0,0,0,1,0,0,0,0,0
RRRI,2012-13,1/12/2013,2,2,1,1,0,0,0,0,0,0,0,0,0,0,0,0,0,1,0
RUGG,2012-13,12/21/2012,0,2,1,0,0,0,2,2,0,0,2,0,0,0,0,2,0,0,0
SELV,2012-13,12/4/2012,0,0,0,1,0,0,0,2,0,2,0,0,0,1,0,0,0,0,0
SELV,2012-13,12/13/2012,0,0,0,1,0,0,0,2,0,2,0,0,0,1,0,0,0,0,0
SKOT,2012-13,12/3/2012,0,0,0,1,0,0,0,0,0,2,0,0,0,1,0,0,0,0,0
SKOT,2012-13,12/14/2012,0,0,0,1,0,0,0,0,0,2,0,0,0,1,0,0,0,0,0
SKOT,2012-13,1/10/2013,0,0,1,1,0,0,0,0,0,2,0,0,0,1,0,0,0,0,0
SMIG,2012-13,1/7/2013,2,0,0,0,0,0,0,2,0,0,0,0,0,0,0,0,0,0,0
SOMI,2012-13,1/8/2013,2,2,0,1,0,0,0,0,0,0,0,0,0,0,0,0,0,1,0
SPIG,2012-13,1/22/2013,0,0,0,0,0,0,0,2,0,0,0,0,0,0,0,0,0,0,0
SPTR,2012-13,12/13/2012,0,2,0,1,0,0,0,2,0,0,0,0,0,1,0,0,0,0,0
TETR,2012-13,12/3/2012,0,2,1,1,0,0,0,2,0,0,2,0,0,1,0,0,0,0,0
TETR,2012-13,12/14/2012,0,0,0,1,0,0,0,2,0,0,2,0,0,1,0,1,0,0,0
TRUA,2012-13,1/21/2013,0,0,0,1,0,0,0,0,0,2,1,0,0,1,0,1,0,0,0
TRUN,2012-13,1/7/2013,2,2,0,1,0,0,0,2,0,0,0,0,0,0,0,0,0,1,0
TURR,2012-13,12/2/2012,2,2,1,1,0,0,0,2,0,0,0,0,2,1,0,0,0,0,0
TUXE,2012-13,1/6/2013,0,0,0,2,0,0,0,0,0,2,1,0,0,2,0,0,0,1,0
VIEU,2012-13,1/8/2013,2,0,0,2,0,0,0,0,0,0,0,0,0,0,0,0,0,2,0
WATE,2012-13,1/8/2013,0,0,0,1,0,0,0,2,0,2,1,0,0,1,0,0,0,0,0
WELL,2012-13,1/7/2013,2,0,0,0,0,0,0,0,0,0,0,0,0,0,0,0,0,0,0
WHAL,2012-13,1/9/2013,0,0,0,1,0,0,0,1,0,0,2,0,0,1,0,0,0,0,0
WINK,2012-13,1/7/2013,2,2,0,0,0,0,0,2,0,0,0,0,0,0,0,0,0,0,0
YALO,2012-13,1/6/2013,2,2,1,2,0,0,0,0,0,2,1,0,0,2,0,1,0,0,0
YANK,2012-13,1/12/2013,0,0,1,1,0,0,0,1,0,2,0,0,0,1,0,0,0,0,0
AITC,2013-14,1/28/2014,0,0,0,2,0,0,0,2,0,2,0,0,2,2,0,0,0,0,0
ALMI,2013-14,12/12/2013,0,2,1,1,0,0,2,0,0,2,1,0,0,1,0,1,0,0,0
ALMI,2013-14,12/23/2013,0,2,1,1,0,0,2,0,0,2,1,0,0,1,1,1,2,0,0
ALMI,2013-14,1/3/2014,0,2,0,0,0,0,0,0,0,2,0,0,0,0,0,2,0,0,0
ALMI,2013-14,1/26/2014,0,2,0,0,0,0,0,0,0,2,0,0,0,0,0,1,0,0,0
BENE,2013-14,12/22/2013,0,2,0,0,0,0,0,0,0,2,0,0,0,0,0,0,0,0,0
BRYE,2013-14,12/15/2013,0,1,0,1,0,0,0,0,0,2,1,0,0,1,0,0,0,0,0
BRYE,2013-14,1/13/2014,0,0,0,0,0,0,0,0,0,2,0,0,0,0,0,0,0,0,0
BRYS,2013-14,12/15/2013,0,0,1,1,0,0,0,0,0,2,1,0,0,1,0,1,0,0,0
BRYS,2013-14,1/13/2014,0,0,0,0,0,0,0,0,0,2,0,0,0,0,0,0,0,0,0
CUVE,2013-14,12/13/2013,0,0,1,1,0,0,0,0,0,2,2,0,0,1,0,0,0,0,0
CUVE,2013-14,1/23/2014,0,2,0,1,0,0,0,0,0,2,1,0,0,1,0,0,0,0,0
DAMO,2013-14,12/13/2013,1,1,1,2,0,0,0,0,0,2,1,0,0,2,0,0,0,0,1
DANC,2013-14,12/14/2013,0,0,1,1,0,0,0,0,0,2,2,0,0,1,0,1,0,0,0
DANC,2013-14,1/14/2014,0,0,0,0,0,0,0,0,0,2,0,0,0,0,0,1,0,0,0
DETA,2013-14,1/22/2014,2,2,0,2,0,0,0,0,0,0,2,0,0,2,0,0,0,0,0
DOBE,2013-14,12/13/2013,0,1,1,1,0,0,0,0,0,2,0,0,0,1,0,1,0,0,0
DUPT,2013-14,12/23/2013,0,0,1,2,0,2,0,2,0,2,2,0,0,0,0,0,0,2,0
ENTR,2013-14,12/17/2013,0,0,0,1,0,1,2,2,0,0,0,1,0,0,0,0,0,0,0
FARE,2013-14,1/5/2014,0,0,0,0,0,0,0,2,0,0,0,0,0,0,0,0,0,0,0
GEOR,2013-14,12/14/2013,0,1,1,1,0,0,1,2,0,2,1,0,1,1,0,2,0,0,2
HALF,2013-14,12/15/2013,0,0,1,1,0,0,0,2,0,1,2,0,0,1,0,1,0,0,0
HALF,2013-14,12/25/2013,1,2,1,1,0,0,0,2,0,1,2,1,0,1,0,1,0,0,2
HANN,2013-14,1/16/2014,0,2,0,2,0,0,0,2,0,2,0,2,2,2,0,0,0,0,0
JOUG,2013-14,12/13/2013,0,2,1,1,0,0,0,0,0,2,2,0,0,1,0,1,0,0,0
MIKK,2013-14,12/16/2013,0,1,1,1,0,0,0,0,0,2,1,0,1,1,0,0,0,0,0
MOOT,2013-14,1/24/2014,0,0,0,0,0,0,0,0,0,2,0,0,0,0,0,0,0,0,0
NEKO,2013-14,12/13/2013,0,1,0,1,0,0,0,0,0,2,2,0,0,1,0,0,0,0,0
NEKO,2013-14,12/24/2013,0,0,0,1,0,0,0,0,0,2,0,0,0,1,0,0,0,0,0
NEKO,2013-14,1/4/2014,0,0,1,1,0,0,0,0,0,2,2,0,0,1,0,0,0,1,0
NEKO,2013-14,1/14/2014,0,0,0,2,0,0,0,0,0,2,0,0,0,2,0,0,0,0,0
NEKO,2013-14,1/22/2014,0,0,0,1,0,0,0,0,0,2,2,0,0,1,0,0,0,0,0
ONEI,2013-14,12/22/2013,0,0,0,2,0,0,0,0,0,2,1,0,0,2,0,1,0,0,0
ORNE,2013-14,1/4/2014,0,0,0,2,0,0,0,2,0,2,0,0,0,2,0,0,0,2,0
PCHA,2013-14,12/11/2013,2,2,1,1,0,0,0,2,0,2,2,0,0,1,0,1,0,0,0
PCHA,2013-14,12/21/2013,2,2,0,0,0,0,0,2,0,2,0,0,0,0,0,0,0,0,0
PCHA,2013-14,1/1/2014,2,2,1,1,0,0,0,2,0,2,0,0,0,1,0,1,0,0,0
PETE,2013-14,12/12/2013,2,2,1,1,0,0,0,0,0,2,1,0,0,1,0,1,0,0,0
PETE,2013-14,12/21/2013,2,2,0,1,0,0,0,0,0,2,2,0,0,1,0,0,0,0,0
PETE,2013-14,1/2/2014,2,2,0,2,0,0,0,0,0,2,0,0,0,2,0,0,0,2,0
PETE,2013-14,1/20/2014,2,2,0,1,0,0,0,0,0,2,1,0,1,1,0,0,0,0,0
PING,2013-14,12/16/2013,0,0,2,2,0,0,0,2,0,0,2,0,0,2,0,0,0,0,0
PING,2013-14,12/24/2013,1,1,2,2,0,0,0,2,0,1,2,0,0,2,0,0,0,0,1
PLEN,2013-14,1/2/2014,0,2,2,2,0,0,0,0,0,2,2,0,0,2,0,0,0,0,0
PLEN,2013-14,1/13/2014,2,2,2,2,0,0,0,0,0,2,0,0,0,2,0,0,0,0,0
PLEN,2013-14,1/25/2014,0,2,2,2,0,0,0,0,NA,2,0,0,0,2,0,0,0,0,0
RENI,2013-14,12/17/2013,0,0,2,1,0,1,2,2,0,0,0,0,0,1,0,1,0,0,0
RONE,2013-14,12/24/2013,0,0,0,0,0,0,0,0,0,2,1,0,0,0,0,0,0,0,0
RUGG,2013-14,12/17/2013,0,2,1,1,0,0,2,2,0,0,2,0,0,1,0,2,0,0,0
SELV,2013-14,12/14/2013,0,0,0,1,0,0,0,2,0,2,1,0,0,1,0,0,0,0,0
SELV,2013-14,1/3/2014,0,0,0,1,0,0,0,2,0,2,0,0,0,1,0,0,0,0,0
SPIG,2013-14,12/23/2013,0,0,0,1,0,0,0,2,0,0,0,0,0,1,0,1,0,0,0
SPIG,2013-14,1/15/2014,0,0,0,0,0,0,0,2,0,0,0,0,0,0,0,0,0,0,0
SPIP,2013-14,1/27/2014,0,2,0,0,0,0,0,2,0,0,0,0,0,0,0,0,0,0,0
SPTR,2013-14,1/27/2014,0,0,0,0,0,0,0,2,0,0,0,0,0,0,0,0,0,0,0
TETR,2013-14,12/24/2013,1,2,1,2,0,0,1,2,0,0,2,0,0,2,0,1,0,0,0
TETR,2013-14,2/2/2014,0,2,1,2,0,0,0,2,0,0,2,0,0,2,0,2,0,0,0
TUXE,2013-14,1/27/2014,0,0,0,1,0,0,0,0,0,2,0,0,0,1,0,0,0,0,0
TXRX,2013-14,1/27/2014,0,0,0,0,0,0,0,0,0,2,0,0,0,0,0,0,0,0,0
WATE,2013-14,12/12/2013,0,0,0,1,0,0,0,2,0,2,0,0,0,1,0,1,0,0,0
YALO,2013-14,1/1/2014,2,2,2,1,0,0,0,0,0,0,0,0,0,0,0,0,0,1,0
YANK,2013-14,12/25/2013,0,0,0,2,0,0,0,0,0,2,1,0,0,2,0,0,0,0,0
YANK,2013-14,1/6/2014,1,0,0,2,0,0,0,1,0,2,0,0,0,2,0,0,0,0,0
YANK,2013-14,1/16/2014,1,0,0,2,0,0,0,1,0,2,0,0,0,2,0,0,0,0,0
AITC,2014-15,12/4/2014,0,0,0,2,0,0,0,2,0,2,0,0,1,2,0,0,0,0,0
ALMI,2014-15,12/6/2014,0,0,0,1,0,0,0,0,0,2,0,0,0,1,0,1,0,0,0
ALMI,2014-15,12/14/2014,0,0,0,0,0,0,0,0,0,2,0,0,0,0,0,2,0,0,0
ALMI,2014-15,12/23/2014,0,2,0,2,0,0,0,0,0,2,2,0,0,0,0,2,0,2,0
ALMI,2014-15,1/22/2015,0,2,2,1,0,0,2,0,0,2,1,0,0,1,0,1,0,0,0
ALMI,2014-15,2/1/2015,0,2,1,1,0,0,0,1,0,2,1,0,0,1,0,2,0,0,0
ARDL,2014-15,12/11/2014,2,0,2,1,0,1,0,2,0,2,0,0,1,0,0,0,0,0,0
BAIL,2014-15,1/10/2015,0,0,0,1,0,1,2,2,0,1,1,0,1,0,0,0,0,0,0
BENE,2014-15,12/23/2014,NA,2,NA,NA,NA,NA,NA,NA,NA,2,NA,NA,NA,1,NA,1,NA,NA,NA
BENE,2014-15,1/5/2015,0,2,2,1,0,0,0,0,0,2,1,0,0,1,0,1,0,0,0
BRIT,2014-15,1/4/2015,0,0,0,0,0,0,2,2,0,2,0,2,0,0,0,0,0,0,0
BROW,2014-15,12/31/2014,2,0,0,0,0,0,0,1,0,2,2,0,0,0,2,1,0,0,0
BROW,2014-15,1/3/2015,2,0,0,0,0,0,0,0,0,2,2,0,0,0,2,1,0,0,0
BROW,2014-15,1/9/2015,2,0,0,1,0,1,2,0,0,2,2,0,1,0,1,2,0,0,2
BRYE,2014-15,12/12/2014,0,0,0,1,0,0,0,0,0,2,0,0,0,0,0,0,0,1,0
BRYE,2014-15,1/22/2015,0,0,1,1,0,0,0,0,0,2,0,0,0,1,0,0,0,0,0
BRYS,2014-15,12/23/2014,0,0,0,1,0,0,0,0,0,2,0,0,0,0,0,0,0,1,0
BRYS,2014-15,2/1/2015,0,1,1,1,0,0,0,0,0,2,0,0,0,1,0,0,0,0,0
CIER,2014-15,1/2/2015,1,0,2,2,0,0,0,1,0,2,0,0,0,2,0,0,0,0,0
CUVE,2014-15,12/12/2014,0,2,1,2,0,0,0,0,0,2,0,0,0,2,0,0,0,2,0
CUVE,2014-15,12/23/2014,0,1,2,2,0,2,0,0,0,2,2,0,0,0,0,0,0,0,0
CUVE,2014-15,12/23/2014,1,0,2,2,0,0,0,0,0,2,1,0,0,2,0,0,0,1,1
CUVE,2014-15,12/24/2014,0,2,1,0,0,0,0,0,0,2,2,0,0,0,0,1,0,0,1
CUVE,2014-15,1/22/2015,0,2,1,1,0,0,0,0,0,2,2,0,0,1,0,0,0,0,1
CUVE,2014-15,2/1/2015,0,1,1,2,0,0,0,1,0,2,1,0,1,2,0,0,0,1,1
DAMO,2014-15,12/6/2014,1,0,2,1,0,0,0,0,0,2,0,0,0,1,0,0,0,0,0
DAMO,2014-15,12/13/2014,0,0,1,1,0,0,0,0,0,2,0,0,0,0,0,0,0,1,0
DAMO,2014-15,1/21/2015,1,1,1,2,0,0,0,1,0,2,1,0,1,0,0,0,0,2,0
DANC,2014-15,12/15/2014,0,0,0,1,0,0,0,0,0,2,2,0,0,1,0,1,0,0,0
DANC,2014-15,12/24/2014,0,0,1,2,0,2,1,0,0,2,1,0,0,0,0,1,0,0,0
DANC,2014-15,1/15/2015,1,0,0,2,0,0,0,0,0,2,1,0,0,0,0,1,0,2,0
DOBE,2014-15,12/24/2014,1,0,2,0,0,0,0,1,0,2,0,0,0,0,0,2,0,0,1
DURV,2014-15,1/3/2015,2,0,0,1,0,0,0,0,0,2,1,0,0,1,0,1,0,0,1
ENTR,2014-15,12/15/2014,0,0,0,1,0,0,0,2,0,0,0,0,0,1,0,0,0,0,0
ENTR,2014-15,12/31/2014,0,0,0,1,0,0,2,2,0,0,0,1,0,1,0,0,0,0,0
ENTR,2014-15,1/18/2015,0,0,0,2,0,2,0,2,0,0,2,1,1,0,0,1,0,0,1
ENTR,2014-15,1/24/2015,0,0,0,1,0,1,0,2,0,0,1,0,1,0,0,1,0,0,1
FARE,2014-15,1/1/2015,0,1,0,1,0,0,0,2,0,0,0,0,1,1,0,0,0,0,0
FORT,2014-15,12/25/2014,1,2,0,0,0,0,0,2,0,2,0,1,0,0,0,0,0,0,0
GEOR,2014-15,12/24/2014,0,2,0,2,0,0,0,2,0,2,2,0,0,2,0,1,0,0,1
GEOR,2014-15,1/2/2015,0,2,0,2,0,0,0,2,0,2,0,0,0,2,0,1,0,0,1
GEOR,2014-15,1/26/2015,0,2,0,2,0,2,0,2,0,2,0,0,1,0,0,1,0,0,0
GLAN,2014-15,1/4/2015,0,0,0,0,0,0,0,0,0,2,0,0,0,0,0,0,0,0,0
GLAN,2014-15,1/21/2015,0,0,0,0,0,0,0,0,0,2,0,0,0,0,0,0,0,0,0
GOUR,2014-15,1/2/2015,2,0,1,1,0,0,0,2,0,2,1,0,0,1,0,1,0,0,0
HALF,2014-15,12/15/2014,0,2,1,1,0,0,0,2,0,0,2,0,0,1,0,1,0,0,0
HALF,2014-15,12/31/2014,0,2,1,1,0,0,0,2,0,1,2,1,0,1,0,1,0,0,0
HALF,2014-15,1/10/2015,0,2,1,1,0,1,0,2,0,0,2,1,0,0,0,1,0,0,1
HALF,2014-15,1/18/2015,0,2,2,1,0,0,0,2,0,1,2,1,0,1,0,2,0,0,0
HALF,2014-15,1/24/2015,1,2,2,1,0,0,0,2,0,1,2,0,0,1,0,1,0,0,0
HANN,2014-15,1/24/2015,0,2,1,1,0,1,0,2,0,2,2,1,2,1,0,1,0,0,1
HOPE,2014-15,1/1/2015,2,0,0,1,0,0,0,0,0,2,1,0,0,1,0,0,0,0,0
HOPE,2014-15,1/3/2015,2,0,0,0,0,0,0,1,0,2,0,0,0,0,0,0,0,0,0
HUMP,2014-15,12/23/2014,NA,NA,NA,NA,NA,NA,NA,NA,NA,2,NA,NA,NA,NA,NA,NA,NA,NA,NA
HUMP,2014-15,1/4/2015,0,0,0,0,0,0,0,0,0,2,0,0,0,0,0,0,0,0,0
HUMP,2014-15,1/21/2015,0,0,0,0,0,0,0,0,0,2,0,0,0,0,0,0,0,0,0
JOUG,2014-15,12/13/2014,0,2,2,2,0,0,0,1,0,2,2,0,0,0,0,2,0,2,0
JOUG,2014-15,12/22/2014,0,2,2,2,0,0,0,0,0,2,2,0,0,2,0,2,0,0,0
JOUG,2014-15,12/24/2014,0,2,1,2,0,0,0,0,0,2,2,0,0,2,0,1,0,0,1
JOUG,2014-15,1/31/2015,0,2,1,1,0,1,0,0,0,2,1,0,1,1,0,0,0,0,1
LOUB,2014-15,1/4/2015,0,0,0,0,0,0,0,0,0,2,0,0,0,0,0,0,0,0,0
LOUB,2014-15,1/21/2015,0,0,0,0,0,0,0,0,0,2,0,0,0,0,0,0,0,0,0
MADD,2014-15,1/9/2015,2,0,1,1,0,1,1,1,0,2,0,0,1,1,0,1,0,0,0
MIKK,2014-15,12/5/2014,0,0,1,1,0,0,0,0,0,2,0,0,0,1,0,0,0,0,0
MIKK,2014-15,12/16/2014,0,0,0,0,0,0,0,0,0,2,0,0,0,0,0,0,0,0,0
MIKK,2014-15,1/1/2015,0,0,1,1,0,0,0,0,0,2,0,0,0,1,0,0,0,0,0
MIKK,2014-15,1/11/2015,0,0,1,1,0,0,0,0,0,2,1,0,0,0,0,0,0,1,0
MIKK,2014-15,1/17/2015,0,0,0,1,0,1,0,0,0,2,0,0,0,0,0,0,0,0,0
MIKK,2014-15,1/23/2015,1,0,1,1,0,1,0,1,0,2,1,0,0,1,0,0,0,1,0
MOOT,2014-15,1/3/2015,1,0,0,1,0,0,0,0,0,2,1,0,0,1,0,1,0,0,0
NEKO,2014-15,12/14/2014,0,2,0,2,0,0,0,0,0,2,2,0,0,2,0,0,0,0,0
NEKO,2014-15,1/5/2015,0,2,0,2,0,0,0,0,0,2,2,0,0,2,0,1,0,0,0
NEKO,2014-15,1/12/2015,0,2,1,2,0,0,0,0,0,2,2,0,0,2,0,0,0,0,0
NEKO,2014-15,1/26/2015,0,0,0,1,0,0,0,0,0,2,2,0,0,1,0,0,0,0,0
NEKO,2014-15,1/31/2015,0,1,1,2,0,0,0,0,0,2,2,0,0,1,0,0,0,2,0
NEKO,2014-15,2/21/2015,0,0,0,2,0,0,0,1,0,2,2,0,0,2,0,0,0,0,0
ORNE,2014-15,1/22/2015,0,0,1,2,0,0,0,2,0,2,2,0,0,1,0,0,0,2,0
PCHA,2014-15,12/21/2014,2,2,1,1,0,0,0,2,0,2,2,0,0,0,0,2,0,1,0
PETE,2014-15,1/3/2015,2,2,1,2,0,0,0,0,0,2,2,0,0,2,0,0,0,0,0
PETE,2014-15,1/14/2015,2,2,0,2,0,0,0,0,0,2,2,0,0,0,0,1,0,2,2
PETE,2014-15,1/20/2015,2,2,1,1,0,0,0,0,0,2,1,0,1,1,0,1,0,1,1
PETE,2014-15,1/27/2015,2,2,0,1,0,0,0,0,0,2,0,0,0,1,0,1,0,0,0
PETE,2014-15,1/30/2015,2,2,1,2,0,0,0,0,0,2,1,0,0,1,0,1,0,2,1
PING,2014-15,12/5/2014,0,1,1,0,0,0,0,2,0,0,0,0,0,0,0,0,0,0,0
PING,2014-15,12/16/2014,0,0,1,1,0,0,0,2,0,0,2,1,0,1,0,0,0,0,0
PLEN,2014-15,12/21/2014,1,2,1,2,0,0,0,0,0,2,1,0,0,0,0,2,0,2,1
PLEN,2014-15,1/3/2015,1,2,2,2,0,0,0,1,0,2,1,0,0,2,0,1,0,0,2
PLEN,2014-15,1/14/2015,0,2,1,1,0,0,0,0,0,2,2,0,0,0,0,1,0,1,0
PLEN,2014-15,1/20/2015,1,2,1,2,0,0,0,1,0,2,1,0,1,1,0,1,0,2,2
PLEN,2014-15,1/27/2015,0,0,0,1,0,0,0,0,0,2,0,0,0,1,0,1,0,0,0
PLEN,2014-15,1/30/2015,1,2,1,1,0,0,0,1,0,2,1,0,1,1,0,1,0,1,1
RENI,2014-15,12/17/2014,0,0,0,1,0,0,0,2,0,0,0,0,0,1,0,1,0,0,0
ROBE,2014-15,12/5/2014,1,2,0,2,0,0,0,2,0,2,0,0,2,2,0,0,0,0,0
ROBE,2014-15,12/17/2014,0,0,0,2,0,2,1,2,0,2,0,0,2,1,0,2,0,0,2
RONE,2014-15,1/12/2015,0,0,1,1,0,0,0,0,0,2,1,0,0,1,0,0,0,0,0
RUGG,2014-15,12/17/2014,0,2,1,1,0,0,1,2,0,0,1,0,0,1,0,2,0,0,0
SELV,2014-15,12/14/2014,0,0,1,1,0,0,0,2,0,2,0,0,0,0,0,0,0,1,0
SELV,2014-15,1/25/2015,0,0,0,1,0,0,0,2,0,2,0,0,0,1,0,0,0,0,0
SKOT,2014-15,12/16/2014,0,1,1,0,0,0,1,0,0,2,0,0,0,0,0,0,0,0,0
SKOT,2014-15,1/17/2015,0,0,0,1,0,0,0,0,0,2,2,0,1,1,0,1,0,0,0
SPIG,2014-15,12/25/2014,0,0,0,1,0,1,1,2,0,0,0,0,1,0,0,0,0,0,0
SPIG,2014-15,1/16/2015,0,0,0,0,0,0,0,2,0,0,0,0,0,0,0,0,0,0,0
SPIG,2014-15,1/25/2015,0,0,0,0,0,0,0,2,0,0,0,0,0,0,0,0,0,0,0
SPIG,2014-15,2/2/2015,0,1,1,1,0,0,0,2,0,0,1,0,1,1,0,0,0,0,1
SPIP,2014-15,1/25/2015,0,2,2,0,0,0,0,2,0,2,0,0,0,0,0,0,0,0,0
SPTR,2014-15,1/25/2015,0,0,0,0,0,0,0,2,0,2,0,0,0,0,0,0,0,0,0
SPTR,2014-15,2/2/2015,0,0,0,2,0,0,0,2,0,2,0,0,0,1,0,0,0,2,1
TETR,2014-15,12/16/2014,0,0,0,1,0,0,0,2,0,0,1,0,0,1,0,0,0,0,0
TETR,2014-15,1/1/2015,0,2,1,2,0,0,0,2,0,1,2,0,1,2,0,1,0,0,0
TUXE,2014-15,1/4/2015,0,1,1,2,0,0,0,1,0,2,1,0,0,2,0,1,0,0,2
TXRX,2014-15,1/28/2015,1,1,0,0,0,0,0,0,0,2,1,0,0,0,0,0,0,0,0
URUG,2014-15,1/21/2015,0,2,0,1,0,0,0,0,0,0,0,0,0,1,0,1,0,0,0
VALE,2014-15,1/4/2015,0,2,0,1,0,0,1,2,0,0,0,0,1,1,0,0,0,0,0
VERN,2014-15,1/13/2015,0,0,1,1,0,0,0,0,0,2,2,0,0,0,0,0,0,1,1
WATE,2014-15,1/15/2015,0,1,0,1,0,0,0,2,0,2,1,0,0,0,0,1,0,1,0
WHAL,2014-15,1/24/2015,0,2,1,2,0,0,2,1,0,0,2,0,0,2,0,0,0,2,1
YALO,2014-15,1/13/2015,2,0,2,1,0,0,0,0,0,0,1,0,1,0,0,0,0,1,0
YALO,2014-15,1/21/2015,2,2,1,1,0,0,0,0,0,0,0,0,0,0,0,0,0,1,0
AITC,2015-16,12/26/2015,1,0,1,2,0,0,0,2,0,2,1,0,2,2,0,1,0,0,0
AITC,2015-16,12/27/2015,0,0,0,1,0,0,0,2,0,2,0,0,1,1,0,1,0,0,0
ALMI,2015-16,11/6/2015,0,1,1,1,0,0,0,0,0,2,1,0,1,1,1,1,0,0,0
ALMI,2015-16,11/16/2015,0,2,1,0,0,0,1,0,0,2,1,0,1,0,0,1,1,0,0
ALMI,2015-16,12/14/2015,0,2,1,1,0,0,0,0,0,2,0,0,0,1,0,1,0,0,0
ALMI,2015-16,1/14/2016,0,2,1,1,0,0,1,0,0,2,1,0,0,1,0,1,0,0,0
ALMI,2015-16,1/26/2016,0,2,1,0,0,0,0,0,0,2,1,0,0,0,0,2,0,0,0
ALMI,2015-16,2/23/2016,0,2,0,1,0,0,0,0,0,2,0,0,0,1,0,2,0,0,0
ANDI,2015-16,1/22/2016,2,2,1,1,0,0,0,1,0,0,0,0,0,1,0,0,0,0,0
ANDR,2015-16,1/22/2016,2,2,0,1,0,0,0,0,0,0,1,0,0,1,0,0,0,0,0
ARMS,2015-16,1/23/2016,2,2,1,1,0,0,0,0,0,0,2,0,2,1,0,0,0,0,0
ASTR,2015-16,11/4/2015,0,2,0,0,0,0,2,1,0,1,0,0,1,0,0,1,2,0,0
ASTU,2015-16,12/31/2015,0,2,0,0,0,0,0,0,0,0,2,0,0,0,0,1,0,0,0
ASTU,2015-16,1/26/2016,0,2,0,0,0,0,0,0,0,0,0,0,0,0,0,0,0,0,0
BAIL,2015-16,1/2/2016,0,0,0,2,0,2,2,2,0,0,1,0,1,1,0,2,0,0,1
BAIL,2015-16,1/18/2016,0,0,1,1,0,1,1,2,0,0,0,0,1,1,0,1,0,0,0
BENE,2015-16,12/30/2015,0,2,1,1,0,0,0,0,0,2,1,0,0,0,0,1,0,1,2
BRIT,2015-16,12/22/2015,0,0,1,1,0,1,2,2,0,2,0,2,1,0,0,1,0,0,1
BRIT,2015-16,1/5/2016,1,1,1,1,0,1,2,2,0,2,1,2,1,1,0,1,0,0,1
BROW,2015-16,12/4/2015,2,1,1,1,0,0,1,0,0,2,2,0,1,1,2,1,0,0,0
BROW,2015-16,12/27/2015,2,0,0,1,0,0,2,1,0,2,2,0,1,1,2,1,0,0,2
BROW,2015-16,1/3/2016,2,0,0,1,0,1,2,0,0,0,1,0,1,1,0,0,0,0,0
BROW,2015-16,1/12/2016,2,0,0,1,0,0,2,1,0,2,2,0,1,1,2,1,0,0,1
BROW,2015-16,1/25/2016,2,0,0,1,0,0,1,0,0,2,2,0,0,1,2,1,0,0,0
BROW,2015-16,2/28/2016,2,0,1,0,0,0,0,0,0,2,2,0,0,0,0,1,0,0,1
BRUI,2015-16,1/21/2016,0,2,1,1,0,0,0,0,0,0,2,0,0,1,0,1,0,0,0
BRYE,2015-16,1/14/2016,0,0,0,0,0,0,0,0,0,2,1,0,0,0,0,0,0,0,0
BRYE,2015-16,1/26/2016,0,0,1,1,0,0,0,0,0,2,1,0,0,1,0,0,0,0,0
BRYS,2015-16,1/21/2016,0,1,0,0,0,0,0,0,0,2,0,0,0,0,0,0,0,0,0
BRYS,2015-16,1/26/2016,0,1,0,0,0,0,0,0,0,2,0,0,0,0,0,0,0,0,0
CIER,2015-16,11/5/2015,0,0,1,0,0,0,1,0,0,2,1,0,0,0,0,0,0,0,0
CUVE,2015-16,11/6/2015,1,1,1,0,0,0,1,0,0,2,1,0,0,0,0,1,0,0,0
CUVE,2015-16,12/15/2015,0,2,1,2,0,0,0,1,0,2,1,0,1,2,0,1,0,0,2
CUVE,2015-16,1/16/2016,0,2,1,1,0,0,0,0,0,2,0,0,0,1,0,0,0,1,0
CUVE,2015-16,1/20/2016,0,1,1,2,0,0,0,0,0,2,1,0,0,2,0,0,0,1,1
DAMO,2015-16,11/15/2015,0,0,0,0,0,0,0,0,0,2,0,0,0,0,0,1,0,0,0
DAMO,2015-16,1/14/2016,0,0,0,2,0,0,0,0,0,2,0,0,1,2,0,0,0,2,0
DAMO,2015-16,2/22/2016,0,0,0,2,0,0,0,1,0,2,0,0,0,2,0,0,0,0,0
DANC,2015-16,11/18/2015,0,0,NA,1,0,0,0,0,0,2,1,0,0,1,0,1,0,0,0
DANC,2015-16,12/6/2015,0,0,2,1,0,0,0,0,0,2,1,0,0,1,0,1,0,0,0
DANC,2015-16,12/24/2015,0,0,1,1,0,0,0,0,0,2,2,0,0,1,0,1,0,0,0
DANC,2015-16,12/30/2015,0,0,2,1,0,0,0,0,0,2,2,0,0,1,0,1,0,0,0
DANC,2015-16,1/27/2016,0,0,1,2,0,0,0,0,0,2,1,0,0,2,0,1,0,0,0
DANC,2015-16,2/23/2016,0,0,1,1,0,0,0,0,0,2,2,0,0,1,0,1,0,0,0
DETA,2015-16,1/22/2016,2,1,1,1,0,0,0,0,0,1,1,0,0,1,0,0,0,0,0
DOBE,2015-16,11/15/2015,0,1,0,0,0,0,0,0,0,2,1,0,0,0,0,1,0,0,0
DOBE,2015-16,1/14/2016,0,0,0,0,0,0,0,0,0,2,0,0,0,0,0,2,0,0,0
DOBE,2015-16,2/22/2016,0,0,0,1,0,0,0,0,0,2,0,0,1,1,0,1,0,0,0
ENTR,2015-16,1/13/2016,0,0,1,1,0,0,2,2,0,0,0,1,0,1,0,0,0,0,1
ENTR,2015-16,1/28/2016,0,0,1,1,0,0,0,2,0,0,0,0,0,1,0,1,0,0,0
FARE,2015-16,1/17/2016,0,0,0,1,0,1,0,2,0,0,0,0,0,1,0,0,0,0,0
GEOR,2015-16,11/17/2015,0,1,1,1,0,0,0,2,0,2,1,0,1,1,0,1,0,0,0
GEOR,2015-16,1/15/2016,0,2,1,1,0,0,0,2,0,2,1,0,0,1,0,1,0,0,1
HALF,2015-16,11/7/2015,0,0,2,0,0,0,0,2,0,1,1,1,1,0,0,1,0,0,0
HALF,2015-16,11/19/2015,0,2,1,1,0,0,0,2,0,1,1,1,1,1,0,1,0,0,0
HALF,2015-16,12/7/2015,0,2,2,0,0,0,1,2,0,1,1,0,0,0,0,1,0,0,0
HALF,2015-16,12/17/2015,1,2,1,2,0,0,0,2,0,1,2,0,0,2,0,1,0,0,0
HALF,2015-16,1/13/2016,0,2,0,1,0,0,0,2,0,1,2,1,1,1,0,1,0,0,0
HALF,2015-16,1/18/2016,0,2,1,1,0,1,0,2,0,1,2,0,1,1,0,2,0,0,2
HANN,2015-16,1/28/2016,0,1,0,1,0,0,0,2,0,2,1,1,2,1,0,1,0,0,0
HANN,2015-16,2/25/2016,0,2,0,2,0,0,0,2,0,2,2,0,2,2,0,2,0,0,0
HOPE,2015-16,12/28/2015,2,0,0,1,0,0,1,0,0,2,1,0,0,1,0,1,0,0,0
HOPE,2015-16,1/12/2016,2,0,0,1,0,0,0,0,0,2,1,0,1,1,0,1,0,0,0
HOPE,2015-16,2/29/2016,2,0,0,1,0,0,0,0,0,2,0,0,0,1,0,2,0,0,1
JOUG,2015-16,12/31/2015,0,2,2,1,0,0,0,0,0,2,2,0,0,1,0,1,0,1,1
LAUR,2015-16,12/31/2015,0,2,1,0,0,0,0,0,0,0,1,0,0,0,0,0,0,0,0
LAUR,2015-16,1/26/2016,0,2,0,0,0,0,0,0,0,0,0,0,0,0,0,1,0,0,0
LOCK,2015-16,12/31/2015,0,0,0,0,0,0,0,0,0,2,0,0,0,0,0,1,0,0,0
MADD,2015-16,1/24/2016,2,0,1,1,0,1,1,1,0,2,1,0,1,1,0,1,0,0,0
MADD,2015-16,2/29/2016,2,0,0,0,0,0,0,0,0,2,1,0,0,0,0,1,0,0,0
MIDA,2015-16,2/21/2016,0,0,0,1,0,0,0,2,0,0,0,0,0,0,0,0,0,1,0
MIKK,2015-16,11/5/2015,0,0,0,0,0,0,0,0,0,2,1,0,0,0,0,1,0,0,0
MIKK,2015-16,11/14/2015,0,1,1,1,0,0,0,0,0,2,1,0,1,1,0,1,0,0,1
MIKK,2015-16,12/5/2015,1,1,1,1,0,0,0,0,0,2,1,0,0,1,0,0,0,0,0
MIKK,2015-16,12/26/2015,0,0,0,1,0,0,0,1,0,2,1,0,0,1,0,1,0,0,1
MIKK,2015-16,1/1/2016,0,0,0,0,0,0,0,0,0,2,1,0,1,0,0,0,0,0,0
MIKK,2015-16,1/17/2016,0,1,1,1,0,0,0,0,0,2,0,0,1,1,0,0,0,1,0
MOOT,2015-16,1/27/2016,0,0,0,0,0,0,0,0,0,2,0,0,0,0,0,0,0,0,0
MOOT,2015-16,2/21/2016,0,0,0,2,0,0,0,0,0,2,0,0,0,2,0,0,0,0,0
NEKO,2015-16,11/18/2015,0,1,1,2,0,0,0,0,0,2,2,0,0,2,0,1,0,0,0
NEKO,2015-16,12/16/2015,0,0,1,2,0,0,0,0,0,2,2,0,0,2,0,0,0,0,0
NEKO,2015-16,12/25/2015,0,0,0,2,0,0,0,0,0,2,2,0,0,2,0,0,0,0,0
NEKO,2015-16,2/19/2016,0,0,1,2,0,0,0,1,0,2,2,0,0,2,0,0,0,1,1
NOBL,2015-16,12/31/2015,0,0,0,0,0,0,0,0,0,2,0,0,0,0,0,0,0,0,0
NOBL,2015-16,1/26/2016,0,0,0,0,0,0,0,0,0,2,0,0,0,0,0,1,0,0,0
NWSP,2015-16,1/17/2016,0,2,0,0,0,0,0,0,0,0,0,0,0,0,0,1,0,0,0
ORNE,2015-16,11/17/2015,0,0,0,0,0,0,0,2,0,2,1,0,1,0,0,0,0,0,0
ORNE,2015-16,12/25/2015,0,0,0,2,0,0,0,2,0,2,1,0,1,2,0,0,0,0,0
PABE,2015-16,1/14/2016,0,0,0,0,0,0,0,0,0,0,0,0,0,0,0,0,0,0,0
PCHA,2015-16,2/17/2016,2,2,1,1,0,0,0,2,0,2,1,0,0,1,0,1,0,1,1
PETE,2015-16,1/25/2016,2,2,1,2,0,0,0,0,0,2,2,0,1,2,0,1,0,0,1
PING,2015-16,11/14/2015,0,1,2,1,0,0,1,2,0,0,1,0,1,1,1,0,0,0,1
PING,2015-16,12/5/2015,1,2,2,2,0,0,0,2,0,0,1,1,0,2,0,0,0,0,1
PING,2015-16,1/1/2016,0,0,1,2,0,1,0,2,0,0,1,0,0,2,0,0,0,0,0
PLEN,2015-16,11/15/2015,1,0,0,0,0,0,0,0,0,2,1,0,0,0,0,1,0,0,0
PLEN,2015-16,1/15/2016,0,2,1,2,0,0,0,0,1,2,1,0,0,1,0,2,0,2,0
PLEN,2015-16,1/21/2016,0,2,0,2,0,0,0,0,0,2,1,0,0,1,0,0,0,2,0
PLEN,2015-16,1/25/2016,0,2,1,2,0,0,0,0,0,2,0,0,0,2,0,1,0,0,0
PLEN,2015-16,2/21/2016,0,2,2,2,0,2,0,0,0,2,2,0,0,0,0,2,0,2,1
RAND,2015-16,12/27/2015,0,2,0,0,0,0,0,0,0,0,0,0,0,0,0,0,0,0,0
RENI,2015-16,1/13/2016,0,0,2,0,0,0,0,2,0,0,0,0,0,0,0,1,0,0,1
RONE,2015-16,12/23/2015,0,0,1,1,0,0,0,0,0,2,1,0,0,0,0,0,0,1,0
RONE,2015-16,1/16/2016,0,0,1,2,0,0,0,0,0,2,2,0,0,2,0,1,0,1,1
RUGG,2015-16,1/2/2016,0,2,1,1,0,1,2,2,0,1,1,0,1,1,0,2,0,0,0
SELV,2015-16,12/13/2015,0,0,1,2,0,0,0,2,0,2,0,0,0,2,0,0,0,0,0
SELV,2015-16,2/24/2016,0,0,0,2,0,0,0,2,0,2,0,0,0,2,0,1,0,0,0
SKOT,2015-16,12/5/2015,0,0,0,0,0,0,0,0,0,2,0,0,0,0,0,1,0,0,0
SKOT,2015-16,1/17/2016,0,0,1,1,0,0,0,1,0,2,1,0,0,1,0,1,0,0,1
SKOT,2015-16,2/26/2016,0,0,0,1,0,0,0,0,0,2,0,0,0,1,0,1,0,0,0
SPIG,2015-16,1/14/2016,0,0,2,1,0,0,1,2,0,0,0,0,0,1,0,0,0,0,0
SPIP,2015-16,12/23/2015,0,2,1,1,0,0,0,2,0,0,0,0,1,0,0,1,0,1,0
SPIP,2015-16,1/22/2016,0,2,1,0,0,0,0,2,0,1,1,0,0,0,0,1,0,0,1
SPIP,2015-16,2/24/2016,0,2,0,1,0,0,0,2,0,0,1,0,0,1,0,1,0,0,0
SPTR,2015-16,11/17/2015,1,0,1,1,0,0,0,2,0,2,1,0,0,1,0,1,0,0,0
SPTR,2015-16,12/13/2015,0,0,1,0,0,0,0,2,0,2,0,0,0,0,0,0,0,0,0
SPTR,2015-16,1/22/2016,0,0,0,1,0,0,0,2,0,2,0,0,1,1,0,0,0,1,1
SPTR,2015-16,2/24/2016,0,0,0,2,0,0,0,2,0,2,1,0,0,2,0,1,0,0,0
STER,2015-16,1/23/2016,2,0,0,1,0,1,0,0,0,2,0,0,0,0,0,0,0,0,0
STER,2015-16,2/21/2016,0,0,0,2,0,0,0,1,0,2,2,0,0,2,0,0,0,0,1
STOK,2015-16,12/26/2015,0,0,0,1,0,0,1,2,0,0,1,0,1,1,0,1,0,0,1
TETR,2015-16,1/1/2016,1,2,1,1,0,0,0,2,0,0,2,0,1,1,0,2,0,1,1
TETR,2015-16,2/21/2016,1,1,0,1,0,0,0,2,0,2,1,0,0,0,0,1,0,1,0
TISW,2015-16,1/17/2016,0,2,1,1,0,0,0,2,0,0,0,0,1,1,0,1,0,0,0
TURR,2015-16,12/23/2015,2,2,1,1,0,1,1,2,0,1,0,0,2,0,0,1,0,0,1
TUXE,2015-16,1/24/2016,1,1,0,2,0,0,0,0,0,2,1,0,0,2,0,1,0,0,1
TXRX,2015-16,1/24/2016,0,0,0,0,0,0,0,0,0,2,0,0,0,0,0,0,0,0,0
URUG,2015-16,1/24/2016,0,2,0,1,0,0,0,0,0,0,0,0,0,1,0,1,0,0,1
USEF,2015-16,12/24/2015,1,0,2,2,0,0,0,2,0,2,2,0,1,2,0,0,0,0,0
WATE,2015-16,11/16/2015,1,1,1,0,0,0,0,0,0,2,1,0,0,0,1,1,0,0,0
WATE,2015-16,12/14/2015,0,1,0,1,0,0,0,2,0,2,1,0,0,0,0,1,0,1,0
WATE,2015-16,12/24/2015,1,0,0,1,0,0,0,0,1,2,0,0,0,1,0,1,0,0,1
WHAL,2015-16,11/7/2015,0,1,2,1,0,0,1,0,0,1,1,0,0,1,0,0,0,0,0
WHAL,2015-16,1/2/2016,0,0,0,1,0,1,0,1,0,0,1,0,0,1,0,0,0,1,0
WHAL,2015-16,1/18/2016,0,2,1,1,0,1,2,1,0,0,2,0,0,1,0,1,0,1,1
WHAL,2015-16,1/23/2016,0,2,1,1,0,1,1,1,0,1,2,0,1,1,0,0,0,1,0
WILD,2015-16,3/2/2016,0,1,1,1,0,0,0,2,0,0,0,1,1,1,0,1,0,0,1
YALO,2015-16,1/24/2016,2,2,1,1,0,0,0,0,0,1,0,0,0,1,0,0,0,0,1
YANK,2015-16,11/13/2015,1,0,1,1,0,0,0,1,0,2,1,0,1,1,0,0,0,0,1
YANK,2015-16,12/7/2015,0,0,0,1,0,0,0,1,0,2,1,0,1,1,0,0,0,0,0
YANK,2015-16,2/26/2016,0,0,0,2,0,0,0,1,0,2,2,0,0,2,0,0,0,0,0
ALMI,2016-17,12/13/2016,0,2,2,0,0,0,1,0,0,2,0,0,0,0,0,1,0,0,0
ALMI,2016-17,12/23/2016,0,2,1,1,0,0,0,0,0,2,0,0,0,1,0,2,0,0,0
ALMI,2016-17,1/20/2017,0,2,1,0,0,0,2,0,0,2,0,0,0,0,0,1,0,0,0
BELS,2016-17,12/14/2016,0,0,0,0,0,0,0,2,0,0,0,0,0,0,0,0,0,0,0
BENE,2016-17,1/19/2017,0,0,1,0,0,0,0,0,0,2,0,0,0,0,0,0,0,0,0
BRIT,2016-17,12/13/2016,1,0,0,1,0,0,1,2,0,2,0,2,1,0,0,1,0,1,1
BROW,2016-17,12/2/2016,2,0,0,1,0,0,1,1,0,2,0,0,0,1,2,0,0,0,0
BROW,2016-17,12/11/2016,2,0,0,1,0,0,2,0,0,2,2,0,0,1,2,1,0,0,0
BRYE,2016-17,12/23/2016,0,1,1,1,0,0,0,0,0,2,1,0,0,1,0,0,0,0,0
BRYE,2016-17,1/20/2017,0,0,1,1,0,0,0,0,0,2,1,0,0,1,0,0,0,0,0
BRYS,2016-17,12/24/2016,0,0,0,0,0,0,0,0,0,2,1,0,0,0,0,1,0,0,0
CUVE,2016-17,12/22/2015,0,0,0,2,0,0,0,0,0,2,0,0,0,0,0,2,0,2,1
CUVE,2016-17,12/25/2016,0,2,1,2,0,0,0,0,0,2,2,0,0,0,0,2,0,2,1
CUVE,2016-17,1/18/2017,0,1,0,2,0,0,0,0,0,2,0,0,0,2,0,0,0,0,0
DAMO,2016-17,12/22/2016,0,1,1,1,0,0,0,0,0,2,0,0,0,0,0,0,0,1,0
DANC,2016-17,12/12/2016,1,1,1,1,0,1,0,0,0,2,1,0,0,0,0,1,0,1,1
DANC,2016-17,1/20/2017,0,0,2,2,0,1,0,0,0,2,2,0,0,2,0,1,0,1,0
DELA,2016-17,12/9/2016,0,2,0,1,0,0,0,2,0,0,2,0,0,1,0,1,0,0,0
DOBE,2016-17,12/22/2016,0,1,0,0,0,0,0,1,0,2,0,0,0,0,0,1,0,0,0
DOBE,2016-17,12/23/2016,0,0,1,0,0,0,0,0,0,2,0,0,0,0,0,1,0,0,0
DURV,2016-17,12/12/2016,2,0,2,1,0,1,1,0,0,2,1,0,0,0,0,1,0,0,1
DURV,2016-17,1/1/2017,2,0,2,1,0,0,1,0,0,2,2,0,0,1,0,2,0,0,1
ENTR,2016-17,12/3/2016,0,0,0,2,0,0,1,2,0,0,0,1,0,2,0,0,0,0,0
ENTR,2016-17,1/9/2017,0,0,1,1,0,0,1,2,0,0,0,2,0,0,0,1,0,1,0
FORT,2016-17,12/30/2016,0,2,2,2,0,2,2,2,0,2,2,2,1,0,0,2,0,0,2
GEOR,2016-17,12/11/2016,0,1,1,1,0,1,0,2,0,2,0,0,0,0,0,1,0,0,1
GEOR,2016-17,1/11/2017,1,1,0,1,0,0,0,2,0,2,1,0,1,1,0,1,0,0,0
GOUR,2016-17,1/22/2017,2,0,1,1,0,1,0,2,0,2,1,0,1,1,0,1,0,1,1
HALF,2016-17,12/3/2016,0,2,0,0,0,0,0,2,0,1,2,1,0,0,0,1,0,0,0
HALF,2016-17,1/1/2017,0,2,1,2,0,0,0,2,0,0,2,1,1,2,0,1,0,0,1
HALF,2016-17,1/9/2017,1,2,2,0,0,0,0,2,0,1,2,1,1,0,0,1,0,0,0
HALF,2016-17,1/21/2017,0,2,2,1,0,1,0,2,0,1,2,1,1,1,0,2,0,0,2
HOPE,2016-17,12/11/2016,2,0,0,0,0,0,0,0,0,2,0,0,0,0,0,0,0,0,0
HYDR,2016-17,12/21/2016,0,2,0,2,0,0,0,2,0,0,2,0,0,0,0,2,0,2,0
JONA,2016-17,12/11/2016,0,0,0,0,0,0,0,0,0,2,0,0,0,0,1,0,0,0,0
JOUG,2016-17,12/4/2016,0,2,2,2,0,0,0,0,0,2,0,0,0,2,0,0,0,0,0
JOUG,2016-17,12/22/2016,0,2,1,2,0,0,0,0,0,2,2,0,0,2,0,0,0,0,0
KAYR,2016-17,1/18/2017,0,0,0,0,0,0,0,0,0,1,0,0,0,0,0,0,0,0,0
MADD,2016-17,1/1/2017,2,1,2,2,0,0,0,1,0,2,2,0,1,2,0,2,0,0,0
MIKK,2016-17,12/10/2016,0,0,0,0,0,0,0,0,0,2,0,0,0,0,0,0,0,0,0
MIKK,2016-17,12/25/2016,0,0,0,1,0,0,0,0,0,2,0,0,1,1,0,0,0,0,0
NEKO,2016-17,12/29/2016,0,1,1,1,0,0,0,0,0,2,2,0,0,1,0,0,0,0,1
NEKO,2016-17,1/19/2017,1,1,1,2,0,0,0,0,0,2,2,0,0,1,0,0,0,2,1
ORNE,2016-17,12/23/2016,1,0,0,2,0,0,0,2,0,2,2,0,1,2,0,0,0,0,1
PAUL,2016-17,12/2/2016,2,2,0,0,0,0,1,0,0,0,0,0,0,0,2,0,0,0,0
PCHA,2016-17,12/24/2016,2,2,1,2,0,0,0,2,0,2,0,0,0,0,0,1,0,2,0
PING,2016-17,12/10/2016,0,0,1,1,0,1,0,2,0,0,1,1,0,0,0,0,0,0,0
PING,2016-17,12/14/2016,0,0,1,0,0,0,0,2,0,0,1,0,0,0,0,0,0,0,0
PING,2016-17,12/25/2016,0,0,1,1,0,0,0,2,0,0,1,1,0,1,0,0,0,0,0
PING,2016-17,1/10/2017,0,0,1,1,0,0,0,2,0,0,1,1,1,1,0,0,0,0,1
PRIM,2016-17,12/30/2016,0,0,1,0,0,0,0,0,0,2,1,0,0,0,0,1,0,0,1
RENI,2016-17,1/18/2017,0,0,1,1,0,0,0,2,0,0,1,0,1,1,0,1,0,0,1
ROBE,2016-17,12/15/2016,1,2,1,2,0,0,0,2,0,2,1,0,2,2,0,0,0,0,2
RONE,2016-17,12/28/2016,0,0,0,2,0,2,0,0,0,2,2,0,0,0,0,0,0,0,0
ROWE,2016-17,12/13/2016,0,0,0,0,0,0,0,0,0,0,0,2,0,0,0,0,0,0,0
RUGG,2016-17,1/18/2017,0,2,1,1,0,0,0,2,0,1,2,0,1,1,0,2,0,0,0
SART,2016-17,12/30/2016,0,0,0,0,0,0,0,2,0,0,1,1,0,0,0,1,0,0,1
SELV,2016-17,12/12/2016,0,0,1,2,0,2,0,2,0,2,0,0,0,0,0,0,0,0,0
SELV,2016-17,12/24/2016,0,1,0,1,0,0,0,2,0,2,1,0,0,1,0,0,0,0,1
SELV,2016-17,1/12/2017,0,0,0,1,0,0,0,2,0,2,0,0,1,1,0,0,0,0,0
SKOT,2016-17,12/10/2016,0,0,0,1,0,0,0,0,0,2,0,0,0,0,0,0,0,1,0
SPIG,2016-17,12/21/2016,0,0,0,2,0,0,0,2,0,0,1,0,0,0,0,0,0,2,1
SPIP,2016-17,12/21/2016,0,2,0,1,0,0,0,2,0,2,1,0,0,1,0,2,0,0,1
SPIP,2016-17,1/19/2017,0,2,1,1,0,0,0,2,0,1,1,0,1,1,0,1,0,1,1
SPTR,2016-17,12/12/2016,0,0,0,1,0,1,0,2,0,2,0,0,0,0,0,0,0,0,0
SPTR,2016-17,12/24/2016,0,0,0,1,0,0,0,2,0,2,0,0,0,1,0,0,0,0,0
SPTR,2016-17,1/12/2017,0,0,1,1,0,0,0,2,0,2,0,0,0,1,0,0,0,0,0
TETR,2016-17,12/14/2016,0,2,1,2,0,0,0,2,0,0,2,0,0,2,0,0,0,0,0
TETR,2016-17,1/10/2017,0,2,1,1,0,0,0,2,0,0,1,0,0,1,0,0,0,0,0
TSIS,2016-17,12/20/2016,2,0,0,2,0,2,0,0,0,0,0,0,0,0,0,0,0,0,0
TURR,2016-17,12/20/2016,2,2,1,2,0,2,0,2,0,0,2,0,2,0,0,0,0,0,0
WATE,2016-17,12/13/2016,1,1,0,0,0,0,0,2,0,2,0,0,0,0,0,1,0,0,0
WATE,2016-17,12/30/2016,1,1,1,1,0,0,0,2,0,2,1,0,1,1,0,2,0,0,0
WATE,2016-17,1/21/2017,0,1,0,1,0,0,0,2,0,2,1,0,0,1,0,2,0,0,0
WILD,2016-17,12/13/2016,0,0,0,0,0,0,0,2,0,0,0,0,0,0,0,0,0,0,0
YANK,2016-17,12/21/2016,0,0,0,2,0,0,0,1,0,2,0,0,0,2,0,0,0,0,0
YANK,2016-17,12/28/2016,0,1,1,2,0,0,0,1,0,2,0,0,1,2,0,0,0,0,1
